row_id,Hindi,Mundari,Hindi_length,Mundari_length,character_ratio,word_ratio,category,reason
70,"पता नहीं, कितने देर तक में पूरा आदमी बन जाता ?",चिमतङते’ड़ोःए होड़ो चबाओअ?,46,26,0.5652,0.2727,SEVERE_ANOMALY,Severe word count divergence (0.27)
236,"हल्ला हो रहा था, इसी के साथ ही लम्बोड़ा की ओर हिरण रिड़िब रिड़िब करते हुए दौड़ रहा था।",एनलोःदो लमबोड़ा मुलिते सिलिब् निरअउजदा रिड़िब् रिड़िब्तन।,86,57,0.6628,0.3684,REVIEW_REQUIRED,Borderline word ratio (0.37)
276,मेरी इच्छा है कि जैसे भी बन पड़े मेरे साथ उसका विवाह कर दो।,अड़ांदी होबा जन चि चुमन रे मोयोद काऊ आद् मोयोद सुकुरी को ओमाइया एनाते एन होड़ो अया कुड़ि काऊ आद् एन सुकुरी अगुकेद को आते नआः दो अया सिदारेन कुड़ि बगे किया आद् मरङ बिरतेः सेनो जना।,59,179,3.0339,2.6429,SEVERE_ANOMALY,Severe long Mundari character ratio (3.03 > 3.0)
415,"इसके बाद कुतिया को बुलाया जाने लगा, तब वह वहां पर नहीं था।",एनते सेताको रअःबड़ाजअःइ; बगअःइअ।,58,32,0.5517,0.3077,REVIEW_REQUIRED,Borderline word ratio (0.31)
434,"लेकिन शगुन पहचान करने में हम किसी का नुकसान नहीं करते हैं, लेकिन मृत्यु के तरीेकों से आदमियों को बचाया जा रहा है।",मेनदोएरे सालाते जेतएत्र्प्रः काले नोकोसानजदा; मेनदो गोजोः होनाएते होड़ोकोबनचवोःतना।,113,83,0.7345,0.3913,REVIEW_REQUIRED,Borderline word ratio (0.39)
475,कहां से कहां हम बातों को ले जा रहे हैं !,कोते’ते कोतेपे इदिजद्बुअ!,40,25,0.625,0.2727,SEVERE_ANOMALY,Severe word count divergence (0.27)
480,उसके बाद लक्ष्मी बताती गई और भगवान बनाते गये।,हस रकबेः होकए का।,45,17,0.3778,0.4444,REVIEW_REQUIRED,Borderline character ratio (0.38)
483,अमगः बकण दोन मइ-तुम्हारी मीठी बातें तो युवती,अमगः बकण दोन मइ,44,15,0.3409,0.5,REVIEW_REQUIRED,Borderline character ratio (0.34)
520,"दूसरे दिन बच्चियों के जमा होने के बाद उनसे कह रहीं हैं-‘‘ चलिए, दादी, कल  तांती का मूर्खता पूर्ण वाली कहानी की जोड़ी आपने नहीं सुनायीं, आज इसकी जोड़ी वाली कहानी हमलोगों को सुनाईये।’’",एनते सोबेनको दुड़ुमजना।,182,23,0.1264,0.0882,SEVERE_ANOMALY,Severe short Mundari character ratio (0.13 < 0.3)
640,"आत्मा के पुनः शरीर में प्रवेश करने पर ‘‘आदमी जाग गया’’ कहा जाता है,मृत्यु होने लायक अस्वस्थ शरीर से कुछ देर के लिए शरीर से आत्मा के निकले रहने  पर ‘‘आदमी अब तब, अनिश्चि, अवस्था में है ऐसा कहा जाता है’’ आत्मा के पुनः प्रवेश कर जाने पर ‘‘व्यक्ति पलट कर वापस आ गया’’ ऐसा कहा जाता है या कहा जायेगा।",आद् रोअ बोलोरूअड़जनचि ‘‘होड़ो मेनते रोअ उडुङअकन दिपिलि ‘‘होड़ो कलद्-कोलोद्अकना’’ मेनते कजिओःअ।,294,94,0.3197,0.1967,REVIEW_REQUIRED,Borderline character ratio (0.32)
641,वह रोज भगवान के यहाँ जाता और उसकी पत्नी सूनी बुढ़िया घर का काम करती।,"ओड़ोः ओते-दिसुम रअः राज्य चिलका चलौका मेनेअः संगीते, को विचार जद् तैकेना। मिद् दिपली लेवा पांड़ा सिंग बोंगा दोर-बार दुब को सला लिआ। इनिअः कुड़ि सुनी बुढ़िया तैकेना लेवा लेवा जनौ सिंग बोंगा दोर बार बिचारेः सेनोः तैकेना।",68,218,3.2059,2.5333,SEVERE_ANOMALY,Severe long Mundari character ratio (3.21 > 3.0)
811,दामु-उस घर के लिए मुझे पसन्द आ रहा है।,दमु-एन त्र्प्रोड़त्र्प्रःरेड. सुकुतना।,38,38,1.0,0.3333,REVIEW_REQUIRED,Borderline word ratio (0.33)
881,हम दोनों को अर्पण किया गया काली मुर्गियां।,चे’दद्लङअको नेनदे सिमकिङ।,42,25,0.5952,0.375,REVIEW_REQUIRED,Borderline word ratio (0.38)
919,"इसके बाद सुबह होने पर, गाय बैलों को खोला गया और खाने के लिए पुआल दिया जा रहा था।","एनते अङजनचि, उरिःकोको निःजद्कोअ अद् बुसुःकोको ओमअकोतना।",80,55,0.6875,0.3684,REVIEW_REQUIRED,Borderline word ratio (0.37)
960,मैं अचम्भित महसूस कर रही हॅू।’’,अक-दनदागेङ अटकरजदा।’’,31,21,0.6774,0.3333,REVIEW_REQUIRED,Borderline word ratio (0.33)
973,"अगले वर्ष लौटाते समय उसके पास करहनी का धान था जो काला था, उसने उसे ही लौटा दिया।",एन् हुलड. तेगे बब ओमः होक केद।,80,30,0.375,0.3889,REVIEW_REQUIRED,Borderline character ratio (0.38)
1105,"‘‘इसीलिए हम जैसे लोग प्राकृतिक संसाधनों का उपयोग करके मानव निर्मित संसाधन बनाते हैं’’, मोना ने समझाते हुए कहा।",‘‘हे’’ राजू मनातिङ तान लोः बोःए डोबोः केदा।,110,43,0.3909,0.4211,REVIEW_REQUIRED,Borderline character ratio (0.39)
1151,हमलोग एक दूसरे पर नहीं चिल्लायेंगे।,कारेबु सेपेगेद्।,35,16,0.4571,0.3333,REVIEW_REQUIRED,Borderline word ratio (0.33)
1172,"यह अचम्भे वाली बात है !’’ उड़ुगा-‘‘नाता है, लेकिन आपलोग जानते नहीं हैं, हमारे गोव के सूप ओझा और पाहन से पूछो, वे कौन सा नाता तुमको बतायेंगे।’’",चिलकाते इनिःलोः अबुअः नता होबओअ ?,142,33,0.2324,0.2143,SEVERE_ANOMALY,Severe short Mundari character ratio (0.23 < 0.3)
1214,"कोइरी-कुदु बाघ की कहानी में यही बहुत हंसीवाली बात मैंने महसूस की, वहां पर कहा गया एक कुबड़ा तांती, अधिक उम्रदराज के कारण, जानकारी में भी अधिक है ऐसा विश्वास किये गये।",पेंड़ांएं डोनडो मेनते कजिरेगे मेनअः एना काको केआलकेदा।,166,54,0.3253,0.25,REVIEW_REQUIRED,Borderline character ratio (0.33)
1245,"तुमलोग आपस में विचार करो यदि चाह रहे हो तब, बाद में तुमलोग साबूत दो।","बिचारगेपे नमतनरेदो, सबुति ओमअलेपे तयोमते।",68,41,0.6029,0.3333,REVIEW_REQUIRED,Borderline word ratio (0.33)
1346,बिरहोरों को कहते हुए आपने सुना है क्या ?,बिरुड़ुकोपे त्र्प्रयुमत्र्प्रःकद्कोत्र्प्र चि?,40,46,1.15,0.3333,REVIEW_REQUIRED,Borderline word ratio (0.33)
1348,एक दिन रांगरोंग बुढ़िया ने गीत सुनाया था तुम्हारी मां पागल हुई तुम्हारे पिताजी पागल हुए।,मुसिङ मोचाते रांगरोंग बुड़िआएः दुराङा लिःञा,88,43,0.4886,0.375,REVIEW_REQUIRED,Borderline word ratio (0.38)
1360,दुरगा-रूको ! साहेबों के पास में रूपयों को क्या हो रहा है ?,दुरगा-हो! सयोब्को तत्र्प्रःरे टका चेका‘कना?,58,43,0.7414,0.3846,REVIEW_REQUIRED,Borderline word ratio (0.38)
1397,लेकिन इतना रूपा उनलोगों को कहां से मिल रहा है ?,त्र्प्रमिनड. रुपा त्र्प्रोकोरेको नमजदा?,47,39,0.8298,0.3636,REVIEW_REQUIRED,Borderline word ratio (0.36)
1414,"खलिहान पूजा करने के बाद कोई दौनी मिसनी समाप्त कर रहा है, किसी ने बंटवारा किया, किसी का दौनी करने के लिए अधिक भाग बचा हुआ है।","कोलोमसिड. तयोमतेदो ओकोनि‘ एनोःए चबाजदा, ओकोनिः हटिड.बरकेदा, ओकोनिःदो पुरअःतेए सरेअकदा।",124,86,0.6935,0.3704,REVIEW_REQUIRED,Borderline word ratio (0.37)
1448,"उनलोगों को अरूचि हो गया है, मन उब गया है,","मुकुइङजनाको असदिजनाको,",41,22,0.5366,0.2,SEVERE_ANOMALY,Severe word count divergence (0.20)
1451,"पहले थोक व्यापारी बड़ी मात्रा
या संख्या में सामान खरीद लेता है, जैसे – सब्ज़ि यों का थोक व्यापारी
कुछ किलो सब्ज़ी नहीं खरीदता है बल्कि वह बड़ी मात्रा में 25 से
100 किलो तक सब्ज़ियाँ खरीद लेता है। इन्हें वह दूसरे व्यापारियों को
बेचता है।",सिदारे जामतेओमतन बेपारी साङगिते साङगि किरिङलेएअःए बोलकि आएः साङगिते साङगिराः हिसि मोड़ेआते मोड़े हिसा किलो जाकेद इतुएअः किरिङलेएअःए।,236,132,0.5593,0.3913,REVIEW_REQUIRED,Borderline word ratio (0.39)
1507,"इतने मेरे बाल सफेद हो रहे हैं, इतने दिनों में भूख से मरते हुए आदमियों को मैंने अभी तक नहीं देखा है, तुमने बहुतों को मरते हुए को देखा होगा।","नमिनङ पनडुउःतनरेओ रेंगेःते गोएअकनको अउरिङ लेलकोअ, अम असिद् लेलअकद्कोअ।",138,70,0.5072,0.3,REVIEW_REQUIRED,Borderline word ratio (0.30)
1514,"समाचार का विवरण देने में कोई भी उन्हें निर्देशित न करे कि उसमें क्या
सम्मिलित किया जाना है और क्या नहीं।",हेङडे ओकोअः मेसाएअः हेके ओड़ो ओकोअःकोकाः।,104,41,0.3942,0.2857,REVIEW_REQUIRED,Borderline character ratio (0.39)
1579,"बाद में, उस बाघ के चारो पैरों को लाया गया और गुलर के पेड़ के धड़ में टेक लगा के रख दिया गया और वहीं पर सभी बाघ आराम करने लगे।","तयोमतेदो उपुनिअ कटाको अउकेदा अद् लोवा दरुरेको टेनडेर-केदा, अद् एनतअःरेको रुड़नजना।",125,82,0.656,0.3548,REVIEW_REQUIRED,Borderline word ratio (0.35)
1617,तुमसे गलती कैसे ?,चूड़ारानी।,17,10,0.5882,0.25,SEVERE_ANOMALY,Severe word count divergence (0.25)
1626,खाना तैयार हो जाने पर उन्हें खाने के लिए दिया गया।,मनडि उतु तेअरजनचिको ओम:कोअ।,50,27,0.54,0.3636,REVIEW_REQUIRED,Borderline word ratio (0.36)
1707,और फिर तीसरे दिन सारंगी भी उठा ले गया ।,ओड़ोः बनमो बनोआ।,39,16,0.4103,0.3,REVIEW_REQUIRED,Borderline word ratio (0.30)
1770,बैल,उरिः,3,4,1.3333,1.0,SEVERE_ANOMALY,Ultra-short sentence (<4 characters)
1771,इसके बारे में आपलोगों ने देख लिया था।,एनादोपे लेललेद्गेअ।,37,19,0.5135,0.25,SEVERE_ANOMALY,Severe word count divergence (0.25)
1798,मैं नहीं खाउंगी !’’,काइञत्र्प्रःगेत्र्प्र!”,19,23,1.2105,0.25,SEVERE_ANOMALY,Severe word count divergence (0.25)
1839,"उनलोगों के बारे में मैं क्या और तुमलोगों को बताता ! इस बात को छोड़ देने पर ही बनेगा, दूसरे लोगों का हमलोग बातचीत करेंगे।","चेनअःओड़ोःइङ कजिअपेअ!ने कजि हपेतरेगे बइओ,; एटअःकोअःबु जगरअ।",120,59,0.4917,0.28,SEVERE_ANOMALY,Severe word count divergence (0.28)
1869,"तुमलोगों जिस असुरों के बारे में कह रहे हो, वे हमलोगों के कद के बराबर उनके कद होते हैं।","चिलकातेपे मेमेरेदो, निकु अबु इमपिरङगे मेनअःकोअ।",86,47,0.5465,0.3158,REVIEW_REQUIRED,Borderline word ratio (0.32)
1882,"चलिए, अब हमदोनों इतना ही बात करते हैं, मुझको तुरत जाना है, वहां पर बीमार हो रही है, उनको छोड़ के मैं आया हॅू ,मैं आग जलाउंगा और जाकर मुझको ही खाना बनाना पड़ेगा।’’","उड़ुगा, ‘‘गपागेङ बोंगाकिङअ; जा लेकाते हसुतनिः बुगि तबोःका।",162,58,0.358,0.2353,REVIEW_REQUIRED,Borderline character ratio (0.36)
1901,गलती रे तुम मेरी रानी हो।,"चिलका?"" ""गलती?",25,14,0.56,0.3333,REVIEW_REQUIRED,Borderline word ratio (0.33)
2031,इस प्रकार के पत्थर से यह प्रमाणित होता  है कि वह व्यक्ति गाँव से या जाति से बहिश्कृत है। बहिश्कृत व्यक्ति का छाया भी घर में प्रवेष नहीं कराया जाता है।,"गोए: जनरे, एनका छिलनाकनकोअः उम्बूलो का अदेरो: तना।",150,50,0.3333,0.2581,REVIEW_REQUIRED,Borderline character ratio (0.33)
2064,बा तेगे तोपाकना-सखूर की फूलो से ही डालियाँ ढकी हुई है,बा तेगे तोपाकन,53,14,0.2642,0.2727,SEVERE_ANOMALY,Severe short Mundari character ratio (0.26 < 0.3)
2070,कसरा ने उनसे कहा कि आपका भट्टी सब अशुद्धि से खराब हो गया है आप एक आदमी को भट्टी में डालकर पुजा करनें और भट्टी चलाने से भट्टी ठीक हो जाएगा तथा पत्थर गलकर निकलना शुरू हो जायेगा।,"इनिः मेतअद्कोअ, ‘‘अपेअः कुठि गोलमालअकनाः होड़ोपे बोंगालीरे टउकओःअ।",175,66,0.3771,0.2105,REVIEW_REQUIRED,Borderline character ratio (0.38)
2092,"‘‘उन्होंने तुमको पूजा करके मार दिया है’’ कहने पर, वापस ग्रह काटा गया है कहके मालूम पड़ेगा। ‘‘उन्होंने पूजा करके मार दिया है’’ कहके संयोगवश कहा जायेगा ‘‘उन्होंने पूजाकर तुमको मार दिया है’’ कहने के बदले में और ‘‘उन्होंने उनका बलि दिया’’ कहक कहा जाये तब उस आदमी को दूसरों के द्वारा पूजा करने के कारण वह मर गया कहके पता चलेगा।",बोंगागोएःकेदमेअको मेनते सोनजोको सोनजोको कजिओअ बसेंगा गोएःतदमेअको मेनेअः रअः बदिलिरे अद् बोंगा किःअको मेनते कजिजनरेदो एन होडो एटअःको बोंगाकेद रअःतेए गोएःजना मेनते मुनडिओअ।,322,170,0.528,0.371,REVIEW_REQUIRED,Borderline word ratio (0.37)
2101,"बूढ़े के पास दो बैल थे, एक सफेद और एक काला।",इकिर बोंगा कींस जना ओड़ोः एन दंग्रड़ाए हसु रिका किआ मेन्दी दांगड़ा लाई का हसु किआ नेयाते ओड़ोः गेए कीस जना सेन नम किः ते कजिइअ तना ।,43,132,3.0698,2.5455,SEVERE_ANOMALY,Severe long Mundari character ratio (3.07 > 3.0)
2114,इस तरह की बीमारी में धनुष प्रेतात्मा के द्वारा नुकसान पहुंचाने पर ऐसा होता है।,एनकनअःदो अःकुटिबोंगा हतिर-केकोरेको रिकाओअ।,78,42,0.5385,0.2667,SEVERE_ANOMALY,Severe word count divergence (0.27)
2137,लेकिन भात को पसन्द नहीं करने वालों में से केवल बीमार हो रहे लोगों को मैंने देखी है।,मेनदो मनडि का सुकुतनदो हसुतनको बारिङ लेलअकद्कोअ।,83,48,0.5783,0.3889,REVIEW_REQUIRED,Borderline word ratio (0.39)
2179,"एक जगह पर नीलकंठ उड़ते हुए उनलोगों के रास्ते को काटा, बुढ़े लोग एक दूसरे को देख रहें हैं और इशारों इशारों में एक दूसरे को बताया।",एनते परचार त्र्प्रयरकेदा; एन तयोमते दंगड़ाकिड. सेनत्र्प्रकदा; दंगड़ाकिड.त्र्प्र तयोमरे हड़मको।,128,94,0.7344,0.3704,REVIEW_REQUIRED,Borderline word ratio (0.37)
2181,इसके बाद वहां से सियार चला गया।,"तिसिङओइङ सब् इदिओरेदो, अपड़ोब् उदुब्के’ते जनतुरे काइङ हिसाब् रिकाना; एनते मनोअ होनको मेनते जेतन कमिरे काइङ टोगोअ; अइञअः जोमेअः रअः बारिङ उड़ुःअ।’’",31,146,4.7097,3.1429,SEVERE_ANOMALY,Severe long Mundari character ratio (4.71 > 3.0)
2236,ईसाई लोगों के साथ में गिरजा के दिन बातचीत किया हॅू।,किरतानकोलोःदो गिरजा हुलड.इड. जगरबड़‘कना।,51,40,0.7843,0.3636,REVIEW_REQUIRED,Borderline word ratio (0.36)
2263,"सोसो ठापा (एक महत्वपूर्ण पुजा) जिसे सोसो बोंगा भी कहा जाता है, के आंरम्भ में कहा जाता है आसमान में सोने के आसन पर जो बैठा है, नके हाथ में नक्कासीयुक्त सोने की घड़ी है उन्हीं को हम सिडंबोंगा कह रहे हैं।","सोसो टपअः (सोसो बोंगा) एनेटेःरे कजिओःतना; ‘‘सिरमारे सोना सतरनजिरेए दुब्अकना,तीरे टंइड़ि डंडअः इनिःगेबु सिङबोंगा’तना’’।",201,118,0.5871,0.3333,REVIEW_REQUIRED,Borderline word ratio (0.33)
2347,तुमसे शादी करने मैं आया हूँ तुम्हारी  शादी के लिये बारात आई है।,आलां आड़ांदो आलां कोड़ादी,63,25,0.3968,0.3077,REVIEW_REQUIRED,Borderline character ratio (0.40)
2392,"रसोअल-‘‘हमलोग उनके साथ भाई बहन होने के बारे में आपने बताया, लेकिन इस गांव में कुछ कुछ बुढ़े लोग मेरे पिताजी से बहुत बड़े हैं और उनलोगों को मैं ताउ कह रहा हॅू , नचल दह प्रेतात्मा उनलोगों को चाचा कहेगा या ताउ कहेगा ?","उड़ुगा, ‘‘नचल इकिर बोंगा अइङए ककातअइञअ तिसिङगेङ बोंगाकेन दिपिलि; एना मेनते अपे, होनको, इनिःलोःपे बोकोबोयाओअ।’’",214,110,0.514,0.3333,REVIEW_REQUIRED,Borderline word ratio (0.33)
2440,उनदोनों को तो इस बार भी ऐसा ही करेंगे कहा गया।’’,"इनकिड.दो,नेसेकानोबु एनकाएगेत्र्प्रकिड. मेनकेदा।”",48,48,1.0,0.2727,SEVERE_ANOMALY,Severe word count divergence (0.27)
2470,"मेरी तरह बुढ़िया हो जाने के बाद, मेरी तरह तुमलोगों के पोता पोतियों को कहानियों को सुनाया करागी।","अइङ लेकागेपे बुड़िजन चि,अइङ लेकागे जइमतेको का‘निअकोपे।",95,54,0.5684,0.3889,REVIEW_REQUIRED,Borderline word ratio (0.39)
2521,भूमि उपयोग,"ओते को रोकोम कामि मेनते  कामि रे अगुवोः तना, चिलका चि चासा, वानिकी, खदन उर, संउक, ओड़ोः उद्योग बबइ मेनते।",10,105,10.5,10.0,SEVERE_ANOMALY,Severe long Mundari character ratio (10.50 > 3.0)
2548,"रात को तो तुम्बा केल में ठहर गया था, इसके बाद अहले सुबह हाट कर के मैं तुरत इस तरफ आ रहा हॅू।",अयुब् दो तुम्‌बाकेलरेङ तइनजना; एनते इदङरे पीटिकेद्ते रोकागेङ हिजुःतना।,92,70,0.7609,0.3913,REVIEW_REQUIRED,Borderline word ratio (0.39)
2552,लोग देखकर कहते थे।,हिजुः सोनो होड़ो को लेल के कोअ ते नेअ कजि जद केना।,18,50,2.7778,3.0,REVIEW_REQUIRED,Borderline character ratio (2.78)
2591,मानव निर्मित संसाधन,बेरेल-मेड़ेद एन सोमए जकेद संसाधन का तइ केना ओकोन सोमए जकेद होड़ो को एनाते मेड़ेद बइ कको अतु लाः।,19,96,5.0526,6.3333,SEVERE_ANOMALY,Severe long Mundari character ratio (5.05 > 3.0)
2616,"मैं दुनिया भर में फैले हुए भगवान बुद्ध के प्रति श्रद्धा रखने वाले, करुणा के सिद्धांतों में विश्वास करने वाले – सबको बुद्ध पूर्णिमा की मंगलमयी कामना करता हूँ।",तिसिड. जुदि भगवान बुछ के पहम जइ रेदो ।,157,38,0.242,0.3103,SEVERE_ANOMALY,Severe short Mundari character ratio (0.24 < 0.3)
2734,"हर दिन अच्छी तरह से हम दोनों बात कर रहें हैं, अब तो आपस में मनमुटाव हो जायेगा।",जनव बुगिलेकागेलिड. जगरतना; नात्र्प्रः दो बपगड़वोःत्र्प्र।,78,57,0.7308,0.3333,REVIEW_REQUIRED,Borderline word ratio (0.33)
2801,"हमारा तैयार किया हुआ नहीं पीते हैं,यह हमारा दिया स्वीकार करें, ले लें।",ने अइङअः एनेम मनजुरकेमे हुमनिकेमे’’।,70,36,0.5143,0.3846,REVIEW_REQUIRED,Borderline word ratio (0.38)
2894,पतरातु में 4450 एकड़ जमीन दिया।,बेगर ओते-हसान ओड़ोः बेगर ओड़अः-दुअरअन होड़ो को चिलका सरकार डेरा बसाए ओमा कोअः एनाबु नेल लेअः। पतरातु रे 4450 एकड़ ओते एमेर जना।,31,127,4.0968,3.8333,SEVERE_ANOMALY,Severe long Mundari character ratio (4.10 > 3.0)
3024,जमीन कीे ओर झुकते हो     द्व,नोतेगेम तिरुबा।,28,15,0.5357,0.3333,REVIEW_REQUIRED,Borderline word ratio (0.33)
3028,अब साँप आया।,पुरःगेरिपिन्टी जन् चि मरंग चिः उदुब केदा चि बरनकिङ लिङ जोमलः।,12,61,5.0833,3.6667,SEVERE_ANOMALY,Severe long Mundari character ratio (5.08 > 3.0)
3042,"मैं इसी में रूक कर भोर तक रह जाउंगा,सुबह यहां से जाउंगा।’’",नेरेगेङ अङओःका; सेतअःइङ सेना।’’,58,31,0.5345,0.3333,REVIEW_REQUIRED,Borderline word ratio (0.33)
3232,दुनिया ज्ञानी पुरूश यदि किसी मानव जाति के बारे जापकरी चाहते हैं तो सबसे पहे उनकी संस्कृति के बारे में जापकरी चाहते हैं तो सबसे पहले उनकी संस्कृति के बारे जानना चाहे।,"दिसुमरेन सेंड़ान मनोअको, मनोअ जाति पिचा नमतन रे इनकुअः ससंकिरगे को पिचातना।",165,75,0.4545,0.375,REVIEW_REQUIRED,Borderline word ratio (0.38)
3259,इसलिए मैं तुमलोगों के बारे में सोच रही हॅू।,एना मेनतेङ उड़ुःजदपेअ।,43,22,0.5116,0.3333,REVIEW_REQUIRED,Borderline word ratio (0.33)
3275,आगे एक बन्दु लता मिली ।,अयर ते सेनोः तन सेनोः तन मियद् दरु किङ्ग नम केदा। एना रे मियद् बन्दु नड़ि नड़िया कन तैकेना।,23,91,3.9565,3.1667,SEVERE_ANOMALY,Severe long Mundari character ratio (3.96 > 3.0)
3325,नदी उमड़ी हुई थी।,एन दिपलीरे अषढ़ चण्डुः तैकेना एन होन किञ् रई सकमते पोठोम केद् किञ् ते कुइल गड़ा परोमते इदि जद् किञ तैकेना।,17,106,6.2353,5.25,SEVERE_ANOMALY,Severe long Mundari character ratio (6.24 > 3.0)
3327,"रात के समय आंगन में निकलने में आदमी लोग डर रहे थे, हल जोतने के लिए जाने पर बलुआओं को साथ में ले जा रहे थे, गाय बैलों को चराने के लिए बलुआ, कुदाली से खुदाई के समय में भी बलुआओं को साथ में ले जा रहे थे।","निदा दिपिलि रचाते उडुङ मेनते होड़ोको बोरोजदा; सियुःतेओ कपिको इदिजदा; उरिः गुपितेओ कपि, चलुःतेओ कपि।",200,99,0.495,0.3125,REVIEW_REQUIRED,Borderline word ratio (0.31)
3357,"किस चीज से उनदोनों के कानों में छेद हो गया था, मांस को काटकर टुकड़ा करते समय इनपर विचार नहीं किया गया।",चेनत्र्प्रःतेकिड.बुःलेना एनादो गेद् दिपिलि काको बिचारकेदा।,102,58,0.5686,0.2727,SEVERE_ANOMALY,Severe word count divergence (0.27)
3407,"भाषा तो नहीं जानता था सुबह जल्दी उठ करके रेडियो पर रबीन्द्र संगीत सुनने की मेरी आदत हो गई थी और जब आनंदलोके और आगुनेर, पोरोशमोनी- ये कविताएँ सुनने का जब अवसर मिलता था, मन को बड़ी ही चेतना मिलती थी।",अञअः दुलड़ा दिसुम रेन होड़ोको! हुड़िड. दिन रेगे रम जान रअ पवितर चंडुः एटेःओ तना।,197,80,0.4061,0.3659,REVIEW_REQUIRED,Borderline word ratio (0.37)
3419,"सिड.बोंगा चमगादड़ को देखकर उनसे कह रहे थे-‘‘तुम, चमगादड़, सुबह से दिखाई नहीं दे रहे हो और अब तुम्हारे पास जाकर मिलने के बाद ही तुम आये हो।","एनते सिङबोंगा हिजुःलेनचि, सोबेनको तिरुब्केद्तेको जोअरकिःअ।",138,58,0.4203,0.2143,SEVERE_ANOMALY,Severe word count divergence (0.21)
3466,प्रचारक-आप कैसे विचार कर रहे हैं ?,परचार-चिलकम बिचारजदा?,34,21,0.6176,0.2857,SEVERE_ANOMALY,Severe word count divergence (0.29)
3473,मागे,मागे (जारगा),4,12,3.0,2.0,REVIEW_REQUIRED,Borderline character ratio (3.00)
3529,"मैं ने अच्छा वाला मेला तुमलोगों को दी थी, लेकिन तुमलोगों का मन भर गया और मोर पंख की पुही से तुमलोग ठगा गयी।’’","मजा लेकन बुरुइङ ओमलेद्पेअ; मेनदोपे अगरवोनजना, अद् पुइतेपे हिड़िजना।’’",109,69,0.633,0.375,REVIEW_REQUIRED,Borderline word ratio (0.38)
3617,"थोड़ा हिसाब पूछा, क्या हुआ है, तो मैंने छोटे-छोटे जो शहर हैं, वहाँ की थोड़ी जानकारी पाई।","कटिःकन नम लेना,",88,15,0.1705,0.1765,SEVERE_ANOMALY,Severe short Mundari character ratio (0.17 < 0.3)
3647,इसके बाद तड़कन के गांव से दो आदमियों को भेजा गया  और इस बात को उनदोनों ने कोन्ता मुण्डा को बताया।,एना मेनते तिसिङगे ने कजि इनकु तअः इदिओःका।,97,42,0.433,0.381,REVIEW_REQUIRED,Borderline word ratio (0.38)
3762,"दोपहर होने तक में मुण्डा के पास पहुंच गया। दोपहर होने के बाद आदमी जमा हुए और पहले दिन बात किये गये की तरह उनको तलब दिये जाने की बात के बारे में सुनाया गया और वह खुशी से उनके बातों को मान गया और उनलोगों से कहा-‘‘बलुआ बेचने वालों से एक दो पैसा मिलने पर, आपलोग आपत्ति न करें ?’","तिकिनजन चि होड़ोको हुनडिनजना, अद् सिदा हुलङ कजिजन लेका तलब्को पटवकिःअ, अद् सुकुतेए हे’अद्कोअ, अद्ए मेतद्कोअ, ‘‘कपि अकिरिङतनको आते मिद्बर पएसाइङ नमेरे, अलोपे हिसिंगाओअ।’’",274,169,0.6168,0.3934,REVIEW_REQUIRED,Borderline word ratio (0.39)
3813,"गोमके उनलोगों से पूछ रहे थे-‘‘किसने इस तरह किया ऐसा महसूस हो रहा है, सरदार लड़ाई वाले, भगवान लोग या मानव तस्करों ने ?’’","गोमके कुलिजद्कोअ, ‘‘ओकोको नेकाकेद्लेका अटकरोःतना,सरदार लड़इको, भगोअनको,चि अरकटिको ?’’",119,85,0.7143,0.375,REVIEW_REQUIRED,Borderline word ratio (0.38)
3826,अब हम लोगों को सो जाना चाहिए।,नाअःदोबु दुड़ुमा।,29,17,0.5862,0.2857,SEVERE_ANOMALY,Severe word count divergence (0.29)
3925,शरत चन्द्र रय ने ‘मुंडाज एंड देयर कान्ट्री’ में पृष्ट 36 में लिखा है-,सकम 36 रे ओलाकदा -,69,18,0.2609,0.3571,SEVERE_ANOMALY,Severe short Mundari character ratio (0.26 < 0.3)
3966,किस तरह से दोनों बड़े भाई और छोटे भाई में कुश्ती की लड़ाई हुई थी ?,चिलकोते बोकोबोयाकिङ ओपोताकेना?,66,30,0.4545,0.1875,SEVERE_ANOMALY,Severe word count divergence (0.19)
3967,क्या मैं तुम दोनों को रोज देता हूँ?,जनवचिङ ओमअबेनतना ?,35,18,0.5143,0.375,REVIEW_REQUIRED,Borderline word ratio (0.38)
3977,"सवंसार से ही ईसाई हो रहें हैं, कोई भी आदमी ईसाई होकर जन्म नहीं ले रहा है।",जेता होड़ो किरतानत्र्प्रकन- तेदो काए जानोमोःतना।,73,48,0.6575,0.3529,REVIEW_REQUIRED,Borderline word ratio (0.35)
4020,इसके बारे में आप हमलोगोंको बताईये।,एन जगरअलेम।,34,11,0.3235,0.3333,REVIEW_REQUIRED,Borderline character ratio (0.32)
4038,इस प्रकार जल का अभाव मौसमी अथवा वार्षिक वर्षण में विविधता के परिणामस्वरूप हो सकता है अथवा अति उपयोग और जल स्त्रोतों के संदूषन के कारण भी जल का अभाव हो सकता है।,"मिस्टेस कजि केदा, ‘‘ हे, निया जिंड़ि ते बइया कना।’’",159,51,0.3208,0.303,REVIEW_REQUIRED,Borderline character ratio (0.32)
4054,उत्तरी मैदान देश के अन्न भंडार हैं।,एनेटेः को जरूड़ुः मेनाः। बोओः कुन्दुड़ि पिड़ि दिसुम रेअः बाबा चाउलि को जोगाव तेअः  तनाः।,35,88,2.5143,2.1429,REVIEW_REQUIRED,Borderline character ratio (2.51)
4108,भीतर जाकर मछली ने सारी गीली मिट्टी को अपने मुँह में दबोच लिया ओर बाहर को चल पड़ी।,रघो बोअड़ पताल तेः बोलो जन।,81,27,0.3333,0.3333,REVIEW_REQUIRED,Borderline character ratio (0.33)
4142,"तीन दिनों बाद वह मूल्य मांगने गया तब, मारो साले को कहा जा रहा था और उसे चाबुक से मारा गया और उसे धकेल के भेज दिया गया।","अपि मा लेका तयोमते गोनोङ  आसिइ सेनकेनादो,मरो सलाको,मनोःतना,अद्को हड़ंसाबड़ाकिअःअ,अद्को सोलकाकुलतअःइअ।",118,101,0.8559,0.3571,REVIEW_REQUIRED,Borderline word ratio (0.36)
4167,इससे अधिक मुझसे नहीं हो सकता।,आद् किङ् कजिऐच-“चिय होरो चेनः कोम कमि तन?” एनाते होरो मेतद् किङ् चि-क गोमके जेतव कञ् कमि तन।,29,92,3.1724,3.0,SEVERE_ANOMALY,Severe long Mundari character ratio (3.17 > 3.0)
4315,बाद में गंघ आने पर एक ने कहना शुरू किया। इसके बाद सबलोग मूर्खतापूर्ण सलाह का अनुसरण किया ऐसा उसने कहा।,एनते सोबेनको डोनडो सलहारेबु सेसेनजनाको मेनकेदा।,102,47,0.4608,0.2857,SEVERE_ANOMALY,Severe word count divergence (0.29)
4349,बहन ने जंगल में एक वृक्ष के कोटर में समाकर उसे चारों ओर से बन्द कर दिया केवल हवा घुसने के लिए एक छेद रख छोड़ा और उसी में रहने लगी ।,बउतेयाः सराप अयुम केद् चिमिसि ते बिर तेए सेनोः जना ।,131,52,0.3969,0.3438,REVIEW_REQUIRED,Borderline character ratio (0.40)
4379,दुगा के पहुंचने पर उन लोगों से पूछ रहा है- किस लिए आप लोग हंस रहे हैं ?,दुगा तेबअःजनचिइ मेनअकोतना - चेनअःपे लनदातना?,71,44,0.6197,0.3333,REVIEW_REQUIRED,Borderline word ratio (0.33)
4399,चट्टान की तरह आपका बक्षस्थल है,दिरिलेका कुड़मतेमा,30,18,0.6,0.3333,REVIEW_REQUIRED,Borderline word ratio (0.33)
4449,दुरगा-मैं कल से ही गिरजा जाना शुरू किया है।,दुरगा-होलागेङ गिरजा एटेःअकदा।,43,29,0.6744,0.3333,REVIEW_REQUIRED,Borderline word ratio (0.33)
4494,"बुकिला-सही कह रहे हैं, आप उनको पहचान गये, बिल्कुल वही है।",बुकिला-हेनेःदोम नमतत्र्प्रइत्र्प्र; इनिः उतरगे।,57,47,0.8246,0.3636,REVIEW_REQUIRED,Borderline word ratio (0.36)
4563,"नाई, रूपयों को पीठ में लादकर वहां से भाग रहा था।",नउअदो टका कुटुड.केदतेए निरजना।,48,30,0.625,0.3636,REVIEW_REQUIRED,Borderline word ratio (0.36)
4578,गीत 2,औड़ोः मोयोद् जदूगर दुरंगः-,5,26,5.2,2.0,SEVERE_ANOMALY,Severe long Mundari character ratio (5.20 > 3.0)
4710,सुड़ा तेगे दलोबकन-नई कोलो की पतिया झबरा गई है,सुड़ा तेगे दलोबकन,45,17,0.3778,0.3333,REVIEW_REQUIRED,Borderline character ratio (0.38)
4728,"औरतें रात को भी महुआ चुनने का काम कर रही हैं, दिन में भी ऐसा ही काम कर रही हैं।","कुड़िको निदाओ एनागेको उदमतना, सिंगिओ एनागेको उदमतना।",79,52,0.6582,0.35,REVIEW_REQUIRED,Borderline word ratio (0.35)
4770,खाने से क्या आदमी मर रहे हैं !,जोमतेचि होड़ोकोअगोएःतना!,30,24,0.8,0.25,SEVERE_ANOMALY,Severe word count divergence (0.25)
4812,"उनदोनों के आदेश के अनुसार हमारे नहीं करने पर, विवाह की बात पर कौन सा कुटुम्ब हमलोगों को पसन्द करेगा ?","इनकिड.त्र्प्रः हुकुमलेका कालेत्र्प्रःरे, त्र्प्रड़नदि रत्र्प्रः कजिरेत्र्प्रोको कुटुम सुकुत्र्प्रलेत्र्प्र?",101,107,1.0594,0.381,REVIEW_REQUIRED,Borderline word ratio (0.38)
4826,"इसके बाद मुण्डा, उनलोगों से कह रहा था-‘‘भात और साग दिख गया है और पखाना आदमियों के पखाना जैसा गंध दे रहा है इसके बारे में किसी को भी कहीं पर भी आपलोग मत बताईयेगा।’’",एनते मुनडा मेतअकोतनाः कजि जेतारे अलोपे उदुब्बडाएअ।’’,163,52,0.319,0.2,REVIEW_REQUIRED,Borderline character ratio (0.32)
4840,इसके बाद बिकुरूम कह रहा है-यह तो आपलोगों ने अच्छा किया।,एनते बिकुरुम मेनजदा-एनादोपे बे‘सेकेदा।,55,38,0.6909,0.3636,REVIEW_REQUIRED,Borderline word ratio (0.36)
4871,काँव काँव काँव।,इनिया दुरङ अयुम केद् चि सुकुजना आद् इनिः के अयः दासी मेन्ते ओड़ा ते आगु किया।,15,77,5.1333,5.3333,SEVERE_ANOMALY,Severe long Mundari character ratio (5.13 > 3.0)
4933,बलि-‘‘ आपने कैसा गीत गया था ?’’,"बलि,‘‘चिलकाम दुरङलअः?’’",31,23,0.7419,0.2857,SEVERE_ANOMALY,Severe word count divergence (0.29)
4986,उसे पीकर रात भर नाच गान करते हुए सुबह किये।,एना नूकेदतेको सुसुनअड.केदा।,43,27,0.6279,0.3,REVIEW_REQUIRED,Borderline word ratio (0.30)
5010,इस बारे में मैंने तुमदोनों से नहीं पूछी।’’,कुलिओ काइङ कुलिकेद्बेना।’’,42,26,0.619,0.375,REVIEW_REQUIRED,Borderline word ratio (0.38)
5044,"रसोअल-‘‘हां, यह ऐसा ही होता है।’’","रसोअल, ‘‘हे’गे्!’ उडुंगा, ‘‘तोबेदो चिमिनङ होड़ोको अइङको ककाइञअ, इनकुलोः अम बोको-बोयाओअ, अद् चिमिनङको अम कका’कोअ ओड़ोःम कुकुअकोअ इनकुलोः अइङ बोकोबोयाओअ; नता सब् रअः होरागे एनकअःअ।’’",33,180,5.4545,4.1667,SEVERE_ANOMALY,Severe long Mundari character ratio (5.45 > 3.0)
5050,"हे, अकोगेनेयारःदोकोजोगड़िजदा ।",हाँवेहीइसकातोउपायकरतेहैं।,30,25,0.8333,0.3333,REVIEW_REQUIRED,Borderline word ratio (0.33)
5101,मानव का छोड़ा हुआ अन्न आप खा रहे हैं उपाहार कर रहे हैं।,मनोअ तुमबुलेम जोमेतना नबेतना।,55,29,0.5273,0.3077,REVIEW_REQUIRED,Borderline word ratio (0.31)
5139,मुझे बड़ा आनन्द हुआ।,अइंआ मरङ काजि दोनेया गे चि ओकोलेकाते बाइऔवा एन लेकातेगे ने कुड़ि होन अड़ान्दी ओमइंपे एनाते पुराःकाजिरेपेए तन लोओ डोम को काजि को बपई जना आद् अड़ान्दी होबा जना।,20,158,7.9,7.25,SEVERE_ANOMALY,Severe long Mundari character ratio (7.90 > 3.0)
5170,रूठने वाले वापस आ रहे हैं,हंड़ंओःतनको रूड़ातना,25,20,0.8,0.3333,REVIEW_REQUIRED,Borderline word ratio (0.33)
5263,इस प्रकार से हम कह सकते हैं कि विधायक जनता का प्रतिनिधित्व करते हैं। नीचे दिए गए उदाहरण से यह बात और अधिक स्पष्‍ट हो जाएगी।,नेलेकाते आबु काजिबु दाड़िएआःचि विधायक होड़ोकोआः आयुर-ता एओमतेआ सोबेनकामिको रेकाएआः।,123,83,0.6748,0.3846,REVIEW_REQUIRED,Borderline word ratio (0.38)
5276,"इसके बाद वह एक केन्दु के पेड़ पर चढ़ गया और बहुत मुश्किल से पेड़ में चढ़ा, छाती और पेट की चमड़ी छिल गयी, दूर से दूसरे लोग देख रहे थे और कह रहे थ्े-‘‘देखो, प्रबल नसीबवाला का नसीब दुर्बल हो रहा है !’’",एनते मिअद् तिरिल दरुरेए देःतना अद् बड़सनदेए ओकद्तदा; कुड़म अद् लाइः दोए पुटुर चबाओःतना।,198,87,0.4394,0.3182,REVIEW_REQUIRED,Borderline word ratio (0.32)
5308,कहने के मतलब से आंखें दिखा रही थी।,मेने मतलब्तेको रपिद्अइङतना।,34,27,0.7941,0.375,REVIEW_REQUIRED,Borderline word ratio (0.38)
5338,राक्षस बोला- उसे तुम्हारे भाई नहीं  पा सके लेकिन तुम यदि पाना चाहते हो तो आगे जाओै,अमा भगिना बउम तेको कको दड़ियःइया।,82,33,0.4024,0.3529,REVIEW_REQUIRED,Borderline word ratio (0.35)
5359,वे फिर आगे चले।,एनताः रेयो दसी होन दो सिदा रेगेः परोम जना।,15,42,2.8,2.25,REVIEW_REQUIRED,Borderline character ratio (2.80)
5395,सगिड़ि सान थोलोअ - एक सगड़ की लकड़ीयाँ बांधो जाएगा।,सगिड़ि सान थोलेआ।,51,17,0.3333,0.3,REVIEW_REQUIRED,Borderline character ratio (0.33)
5437,मैं दोनों तरफ का जानता हॅू और वे लोग भी मेरे बातों पर जरूर विश्वास करेंगे।,"मेनदो नेत्र्प्र मित्र्प्रद्इड. कजित्र्प्रमतना, त्र्प्रमत्र्प्रः त्र्प्रोड़त्र्प्रःरे लेकादोकाको करचा‘कना; एनकागे जोम सुमुड. होबातना; त्र्प्रोतेदो तको मेनत्र्प्रःबुरतिगे; मेनदो त्र्पोतेरे सउको दुब्त्र्प्रकना।",74,207,2.7973,1.1875,REVIEW_REQUIRED,Borderline character ratio (2.80)
5438,इसे देखकर बाद के बरसात में सभी ने अपने अपने खेतों के धान के पौधों में हल्की जुताई किये,"नेअ लेलकेद्ते तयोम जगरिदो सोबेनको कड़ाएकेदा,",86,44,0.5116,0.3158,REVIEW_REQUIRED,Borderline word ratio (0.32)
5456,"तब, चगानि के गाना शुरू करने के बाद, सभी कोईमिल के गा रहीं हैंं।",तोबेदो चगानि एटेःकेचि सोबेनको दुरङतना।,63,38,0.6032,0.3571,REVIEW_REQUIRED,Borderline word ratio (0.36)
5510,उसी तरफ से हमलोग आ रहे थे।’’,एनतेआतेगेले हिजुःतना।’’,28,23,0.8214,0.2857,SEVERE_ANOMALY,Severe word count divergence (0.29)
5542,मेद्सोबो फिर से आगे की कहानी सुनाने लगी।,मेद्सोबोः ओड़ोःए अयरकेदा।,40,25,0.625,0.375,REVIEW_REQUIRED,Borderline word ratio (0.38)
5543,"वहां पर वे दोनों उनको खाना खाने के लिए दे रहे थे, पानी पाने के लिए दिया जा रहा था लेकिन वह पानी नहीं पी रहा था न खाना खा रहा था।","हनरे मनडिकिङ ओमअइतना, मनडिओ काएअःतना; दअःकिङ ओमअइतना, दअःओ काएःतना।",128,67,0.5234,0.2812,SEVERE_ANOMALY,Severe word count divergence (0.28)
5580,बलिराम और नारायण सिंह अस्पताल भेजे जात हैं,बलिरामतेकिङ असपतालतेकिङ कुलोःतना,42,32,0.7619,0.375,REVIEW_REQUIRED,Borderline word ratio (0.38)
5598,लोगों ने खसरा को भट्ठी में बन्द कर दिया।,बिरते सेनोंः जनृचि मोयोद् दरूए माः बटि केद। आद् एन रः गे नयल आद् एसन्डि कड़ब अररगा सोबेर बै उडुंङ् मोने केद।,40,108,2.7,2.4444,REVIEW_REQUIRED,Borderline character ratio (2.70)
5629,"वे हमें गाली दें, गाली मिलने से हमलोगों को घाव नहीं हो जायेगा।",एरड.बुकाए; एरड.तेकाबु गवत्र्प्रोःत्र्प।,62,39,0.629,0.2308,SEVERE_ANOMALY,Severe word count divergence (0.23)
5716,लेकिन अन्य जीव जन्तु किस तरह से खुशियां मनाते हैं ? उनका नृत्य नहीं है।,इनकुत्र्प्रः सुसुन बनोत्र्प्र।,71,30,0.4225,0.2,SEVERE_ANOMALY,Severe word count divergence (0.20)
5753,किसको क्या हो रहा है ?’’,ओकोएअ चेकाओःतना?’’,24,18,0.75,0.3333,REVIEW_REQUIRED,Borderline word ratio (0.33)
5776,भकुवाने से महसूस कर रहा हूँ।,बकुअवगेङ अटरकरकेदा।,28,19,0.6786,0.3333,REVIEW_REQUIRED,Borderline word ratio (0.33)
5869,भारतीय धर्मनिरपेक्षता दूसरे लोकतांत्रिक देशों कि धर्मनिरपेक्षता से किस तरह से अलग है?,भारत रेआ दारोम निरपेक्षता एटाः,85,30,0.3529,0.3846,REVIEW_REQUIRED,Borderline character ratio (0.35)
5886,फिर से वे दोनों हंसने लगे।,ओड़ोकिङ लनदाकेदा।,26,17,0.6538,0.3333,REVIEW_REQUIRED,Borderline word ratio (0.33)
5984,पासने से मुझको परेशानी हो रही है।,कोड़ोमअखतेङ कबुतनारे।,33,21,0.6364,0.2857,SEVERE_ANOMALY,Severe word count divergence (0.29)
6068,अब हमलोगों ने देख लिया कि तीन भाई लोग डुबे हुए हैं।,नाअःदोबुलेलकेदा अपिअ हगाको डोबेअकना।,51,36,0.7059,0.3333,REVIEW_REQUIRED,Borderline word ratio (0.33)
6074,"लेमसा-मैं उनको कुछ नहीं कर रहा हॅू , मैं अच्छी तरह से ढो के ले जा रहा हॅू , बेकार में ये रो रहीं हैं।","लेमसा-जेता, हले, काइङ रिकाजद्कोअ; बुगि लेकाइङ गोःअकद्कोअ; समागेको रअःतना।",101,73,0.7228,0.36,REVIEW_REQUIRED,Borderline word ratio (0.36)
6143,"आप मुझसे मजाक कर रहे हैं !’’ उड़ुगा-‘‘मैं तुमसे मजाक नहीं कर रहा हॅू , रूको मैं निकालता हॅू , तुम उसे देखो !’’","रसोअल, ‘‘इदा, कका; चिलकन पोरदङ चि पोरदङएम अउतदा!",110,48,0.4364,0.3333,REVIEW_REQUIRED,Borderline word ratio (0.33)
6148,मैं इनको काट के टुकड़ा करने के बाद भी बात सुनाई पड़ रहा है !,हइइङ हद्गोएःकिःरेओ जगर अयुमोःतनगेअ!,60,35,0.5833,0.2667,SEVERE_ANOMALY,Severe word count divergence (0.27)
6180,रिड़ु-इसके बारे में हमलोगों ने सुना है।,रिड़ु-एनादोले त्र्प्रयुमत्र्प्रकदा।,39,35,0.8974,0.2857,SEVERE_ANOMALY,Severe word count divergence (0.29)
6208,अम अगुई सान  दोना मइना - हे युवती तुम जो लकड़ी लाती हो,दिआ लेका जुलोआ मइना,54,19,0.3519,0.3077,REVIEW_REQUIRED,Borderline character ratio (0.35)
6228,"थैले में पानी से बिना पूरा भरे हुए ही जमीन पर पड़े रहने पर, कुछ समय के लिए बकरी के सांस लेने की तरह थैली हिलने लगता है।",दअः का पेरेः बे‘सेअकनते बटितरे मिसा नगेनदो मेरोम सयद्जद् लेकागे एकेलाओअ।,119,72,0.605,0.3929,REVIEW_REQUIRED,Borderline word ratio (0.39)
6263,उनदोनों को सबकुछ पसन्द आ रहा है।,सोबेनत्र्प्रःकिड. सुकुतना।,32,26,0.8125,0.2857,SEVERE_ANOMALY,Severe word count divergence (0.29)
6306,वह करीब 1600 साल पहले आया।,इनिः एनका नेकाते मिद् हजार तुरिया सौ (1600) सिरमा सिदाए: हिजु: लेना ।,26,69,2.6538,2.1667,REVIEW_REQUIRED,Borderline character ratio (2.65)
6314,"उसको भी पूछेंगे। तुम दोनों की बात नहीं होगी एक, तो कसम खिलाएँगे।",अएःओले कुली। रेदोले किरिश्रवेना ।,64,33,0.5156,0.3846,REVIEW_REQUIRED,Borderline word ratio (0.38)
6326,पिछवाड़े का युवक-‘‘गुलर दोहर के खोढ़र गुलर पेड़ के नीचे तुम पूजा करो।’’,"उड़ुगा ओड़ोःगे चउलि जङ हेरकेद्चिइ मेनजदा, ‘‘हे पलना इकिर, नाअःदोम उदुबेनजना, ओड़ोः दंड़ेम उदुबकेदा; मेनदो कोतअःरेङ बोंगा’मेअ एना उदुब्अइङमे-अइङदो पउनि होन दङ; इदु’ड़ोः पांडां अएअः सरनारे का जाअःए बोंगा रिकाइञअ।’’",71,212,2.9859,2.3077,REVIEW_REQUIRED,Borderline character ratio (2.99)
6368,बा बदि रे हले- फूलो के खेतो मे दोस्त,बा बदि रे हले,36,13,0.3611,0.4444,REVIEW_REQUIRED,Borderline character ratio (0.36)
6436,गमाए दो कोवासी जन-धरती में कोवांसी छाया हुआ था।,गमएअ दो कोअंसि जन।,47,18,0.383,0.4444,REVIEW_REQUIRED,Borderline character ratio (0.38)
6520,"रात के समय, गाय बैलों के लिए पुआल निकलने के बाद, रसोअल फिर से उड़ुगा के पास चूना मांगने के लिए चला गया।",एनकालीरे जरुड़ुइ मनतिङएअ।’’,103,27,0.2621,0.1304,SEVERE_ANOMALY,Severe short Mundari character ratio (0.26 < 0.3)
6551,आदमियों के हल चलाने के लिए जाने के समय पर भी बुदु नींद में था।,"होड़ोको सियुःतेको सेनोःतनरेओ, बुदु दुड़मअकना।",62,45,0.7258,0.3333,REVIEW_REQUIRED,Borderline word ratio (0.33)
6589,"रसोअल-‘‘ हां, चाचा, तब हमदोनों खा लेते हैं और थोड़ा सा चूना मुझको दीजिए, कल आपका दिया हुआ चूना समाप्त हो गया है।’’","एला, दुब्कोःमे; तमकुइङ उड़ुङएअ’’",114,32,0.2807,0.1739,SEVERE_ANOMALY,Severe short Mundari character ratio (0.28 < 0.3)
6599,"कुछ दिन पहले एक बार हमदोनों ने बीच बचाव किया था, हमदोनों से भी उनलोगों ने मारपीट किया था और कैसे कैसे में, जो कभी नहीं होना चाहिए था, हमदोनों के बीच में कुश्ती की लड़ाई हो गई।","होनदेर मिसा लिङ हरदुःकेना; अलिङओको गोएःकेद्लिङअ, अद् चिलका चिलकाते, चिउलाओ का रअः, अलिङ अलिङगे ओपोताजना।",175,104,0.5943,0.3947,REVIEW_REQUIRED,Borderline word ratio (0.39)
6603,दुरगा-रूको ! इस बारे में तुम पूछ रहे हो ?,दुरगा-हों! एनाम कुुलितना?,41,25,0.6098,0.3,REVIEW_REQUIRED,Borderline word ratio (0.30)
6611,"साथियो,","हगा ओड़ो मिसि को,",7,17,2.4286,4.0,SEVERE_ANOMALY,Severe word count divergence (4.00)
6617,आपलोग क्या कह रहें हैं ?,चेनत्र्प्रःपेमेन जदा?,24,21,0.875,0.3333,REVIEW_REQUIRED,Borderline word ratio (0.33)
6653,"बांटते हुए और हाथ में लेते हुए, वे मद्य को पी के समाप्त नहीें कर पाये।","तिपिलतन अद् तेपेलातनते, इलि काको चबाकेदा।",70,41,0.5857,0.375,REVIEW_REQUIRED,Borderline word ratio (0.38)
6655,इसके बाद जागे हुए सभी कोई हंसने लगे और उनलोगों के हंसने के आवाज से दूसरे लोग जाग गए और बाद में वे भी हंसने लगे।,"एनते एयोनअकन सोबेनको लनदाकेदा, अद् इनकुअः लनदाते एटअःकोओ एयोनजनचिको लनदाकेदा।",111,77,0.6937,0.3846,REVIEW_REQUIRED,Borderline word ratio (0.38)
6856,उनके बिना वन उजाड़ जाए गा।,बिर-कांदार होरो-जांगितानको।,26,27,1.0385,0.3333,REVIEW_REQUIRED,Borderline word ratio (0.33)
6879,ऐसे समय में दम्पति में किस तरह का बात हो सकता है कहके छुटा सांढ़ को हांकनेवाला को ही सोच कर बात करना चाहिए।,एनते सोबेनको लनदातना हदाहदातन।,107,30,0.2804,0.1667,SEVERE_ANOMALY,Severe short Mundari character ratio (0.28 < 0.3)
6885,"उड़ुगा-‘‘मैं कल ही इनदोनों का बलि दूंगा, किसी तरह से बीमार हो रही वाली तुरत अच्छी हो जाये।","किसुन, ‘‘ने सिमकिङ ओको हुलङएम बोंगाकिङअ ?‘‘",90,43,0.4778,0.3889,REVIEW_REQUIRED,Borderline word ratio (0.39)
6933,"उड़ुगा-‘‘तुमने कहा था,हम मानव संतानंे हैं, वह प्रेतात्मा है, उनके साथ हमारा नाता कैसे हो सकता है कहके। लेकिन इस बात में तुम संशय मत करो, देखो, तुमलोग मुण्डा संतान हो, मैं पावना संतान हॅू , इस पर भी नाता बन गया है, हां या नहीं ?’’","रसोअल, ‘‘हे’; नेअ कजि अलोम रिड़िङएअ; कुलीमेगे।’’",229,48,0.2096,0.1489,SEVERE_ANOMALY,Severe short Mundari character ratio (0.21 < 0.3)
6939,चाँद ने सबको खा डाला।,सिंगि अय सोबेन होन को गोए केः कोवते चंडुः केः मेन किय।,21,54,2.5714,2.4,REVIEW_REQUIRED,Borderline character ratio (2.57)
6991,"संयोगवश हमलोगों के बात करते समय उनदोनों ने सुन लिया तब, वे दोनों धुआं उठायेगी।","सोनजोको जगरतनरेकिङ तेबअःतबुरेदो, सुकुलकिङ उटओएअ;",78,48,0.6154,0.3333,REVIEW_REQUIRED,Borderline word ratio (0.33)
6992,"चेन्दागुटु में आक्रमणकारियों के घुस जाने के समय में, उस गांव के आदमियों के भागते समय, यहां से हमलोग उनलोगों को देखेंगे ही, इसके बाद हम जंगल के अन्दर चले जायेंगे।’’","चेनदागुटुरे बरगिको बोलोजन दिपिलि, एनरेन होड़ोको निरतनरे, नेतअःएतेबु लेलकोगेअ; एनते बिरतेबु बोलोअ।’’",163,99,0.6074,0.3871,REVIEW_REQUIRED,Borderline word ratio (0.39)
7011,मकई बारी का मालिक घर से बाहर निकला हुआ है कहके बाघिन को मालूम नहीं हो रहा था।,जोंड़ां किसान उड़ुङअका मेनतेदो कुला काए टो’रजदा।,77,48,0.6234,0.3889,REVIEW_REQUIRED,Borderline word ratio (0.39)
7041,"इसके बाद मैंने उनसे कहा- ‘‘लो भाई, गुंगा, तुम पीलो, हमदोनों नहीं बताते फिरेंगे।’’  तब मैंने एक पूरा गहरी थाली में उनको दिया।",तोबेदो सेरोम चिपिङ ओमअःइअ।,124,26,0.2097,0.1739,SEVERE_ANOMALY,Severe short Mundari character ratio (0.21 < 0.3)
7049,मैं किस तरह से बच पाउंगी कहके सबके दिमाग में इस तरह सोच था।’’,चिलकाइङ बनचवना मेनेअः उड़ुगोःतना।,61,33,0.541,0.2857,SEVERE_ANOMALY,Severe word count divergence (0.29)
7051,जेटे रिणि तेको तोले तिया- जेठ के माह में ऋ्ण खाई है इसलिए बांधा है,जेटे रिणि तेको तोले तिआ,66,23,0.3485,0.3333,REVIEW_REQUIRED,Borderline character ratio (0.35)
7210,"सिर्फ प्रेतात्मा के द्वारा पूरा मांगने पर बलि किया हुआ पूरा का पूरा मांस मैं अर्पित कर देता हॅू, बच जाने पर ही मैं खाता हॅू , यदि नहीं बच पाया तो मैं कुछ नहीं करता।’’",एनलेका दसतुर अइङरे बनोअ।,166,24,0.1446,0.1111,SEVERE_ANOMALY,Severe short Mundari character ratio (0.14 < 0.3)
7325,गरीबी के कारण नौकरी कर रहा हॅू।’’,रेंगेःतेङ नुकुरितना।’’,33,22,0.6667,0.2857,SEVERE_ANOMALY,Severe word count divergence (0.29)
7327,इसके बाद इनकी पत्नी वहां जाकर चिल्ला रही थी-‘‘ आप उठ जाईये !,"एनते कुड़ितनिः सेनकेनचिए ककलाकेदा, ‘‘विरिद्मेअ!",60,47,0.7833,0.3846,REVIEW_REQUIRED,Borderline word ratio (0.38)
7574,लात मारते समय इनलोगों ने देखा था क्या ?,पदातनरेको लेलकिःइञअ चि?,39,23,0.5897,0.3333,REVIEW_REQUIRED,Borderline word ratio (0.33)
7606,"उड़ुगा-‘‘आज ही पूजा करते समय,नचल दह प्रेतात्मा ने मुझको चाचा कहीं थी, इसलिए तुम बच्चे, उनके साथ भाई बहन होंगे।’’","रसोअल, ‘‘हे’एनादो एनकागेअ।’’",112,28,0.25,0.15,SEVERE_ANOMALY,Severe short Mundari character ratio (0.25 < 0.3)
7665,रिड़ु-हमलोग भी आपलोगों का पीछा करेंगे।,रिड़ु-त्र्प्रलेत्र्प्रोले त्र्प्रोतोड.पेत्र्प्र।,38,48,1.2632,0.3333,REVIEW_REQUIRED,Borderline word ratio (0.33)
7702,अमरु पाहन का सास ससुर का घ्ज्ञर तमाड़ा थाना का पालना गाँव था।,जयपालअः आपुते अमरू पाहन मोड़े हागाया बितार रे सोबेन आते हुडिडए ताइकेन रेओ सोबेन माराङ हागा कोआते जदका माइनान होड़ोए ताइकेना। अमरू पाहनआः हानार-होंजार ओड़ाः तामाड़ थाना रेआः पालना हातु तानाः।,61,190,3.1148,2.3846,SEVERE_ANOMALY,Severe long Mundari character ratio (3.11 > 3.0)
7728,पर्यटन को बढ़ाने के लिए infrastructure में सुधार किए।,होनोर टावं कोके पोसा मेनते infrasTructure के बइ रुड़अ: केदा। चिमतङ गे अबु प्रकृति ओड़ोः बिट जिउकोरअः जपागरा को तोबे बारि conservation रेअ: गे जगरा को।,53,150,2.8302,2.8889,REVIEW_REQUIRED,Borderline character ratio (2.83)
7745,उसे नींद आने लगी।,इनिः लगा कनेः तइकेना एना ते सेकेड़ागः दुडुम जना।,17,48,2.8235,2.25,REVIEW_REQUIRED,Borderline character ratio (2.82)
7794,किसलिए यह अच्छा नहीं है ?,चिलकाका बुगित्र्प्र?,25,20,0.8,0.3333,REVIEW_REQUIRED,Borderline word ratio (0.33)
7813,"पउदा-यदि आपने सीधे सीधे कह दिये होते तो मैं समझ जाता शायद, लेकिन आपके द्वारा घुमावदार रूप में कहते समय मुझको पता नहीं चला।",पउदा-सो’जेतेम कजिकेद्रेदोइङ बुजबजना होनङ; मेनदोम अन-तड़लेद् दिपिलि काइङ मुनडिलअः।,122,81,0.6639,0.375,REVIEW_REQUIRED,Borderline word ratio (0.38)
7861,मैं आपलोगों के पास दो बार गया था।,त्र्प्रइड.दो त्र्प्रपेतत्र्प्रः बरसाइड.सेनत्र्प्रकना।,33,53,1.6061,0.375,REVIEW_REQUIRED,Borderline word ratio (0.38)
7872,"मैं दोनों युवकों के साथ थोड़ी दूर तक आगे आगे चल रहा था, मैंने उनको सुना नहीं।",त्र्प्रइड.दो दंगड़ाकिड.लोः त्र्प्रयरनोःत्र्प्रकना; काइड. त्र्प्रयुमकिःत्र्प्र।,77,78,1.013,0.2941,SEVERE_ANOMALY,Severe word count divergence (0.29)
7902,इस पर भी मैं हां कह रहा हॅू ?,ने कजिरेओइड. हे‘जदा।,29,20,0.6897,0.3333,REVIEW_REQUIRED,Borderline word ratio (0.33)
7905,गाँव के लोग आपस में सलाह मशविरा करने के पश्चात दराट पुजा के माध्यम से अपने गाँव के सीमान भीतर वाले असुर बोंगाओे को उन रोग बोंगाओं के साथ लड़ाई या युद्ध करने के लिए कहते तथा प्रार्थना करते हैं और बलियों के लिए वचन दिया जाता है।,हतु होड़ोको सलहाकेरेदोको दरांटेअः एनादो अकोअः सिमान बितररेन असुर बोंगाको हेन रो’गो बोंगाकोलोः लड़इ दपरोमको अचुकोअ आद् दंड़ेकोको करारअकोअ।,226,137,0.6062,0.3958,REVIEW_REQUIRED,Borderline word ratio (0.40)
7952,तुम बहुत ज्यादा घुमा फिराकर बात करते हो।,पुरअ:गेम अरगएअ ।,40,16,0.4,0.375,REVIEW_REQUIRED,Borderline word ratio (0.38)
7959,बेरगा-अब ये बात का पता चल गया है इसलिए इसके बारे में बात करना हमलोग बन्द करते हैं।,बेरगा - ने कजि नाअःदो मुनडिजनाबु होकातअः।,82,41,0.5,0.3889,REVIEW_REQUIRED,Borderline word ratio (0.39)
7995,इसके बाद जांता रखने वाला को डायन के रूप में पकड़ा जाता है।,एनते जनति दो‘तनिः नजोमए सबोत्र्प्र।,58,35,0.6034,0.3846,REVIEW_REQUIRED,Borderline word ratio (0.38)
8020,उसकी मां-‘‘बाघ नहीं है कह रहे हो ! बाघ बनने वाले के साथ  तुम इधर उधर घूम रहे हो।,"एंगाते, ‘‘का कुला-तनम मेनजदा! क्ुलाओःनिः लाःदोम सेनबड़ाजदा।",80,59,0.7375,0.3684,REVIEW_REQUIRED,Borderline word ratio (0.37)
8038,कुछ कुछ लोगों को ही सपने में पाकर दूसरे लोगों को बताते हैं।,तरामराकोगे कुमुनमके’ते एटअःकोको उदुबकोअ।,59,40,0.678,0.3077,REVIEW_REQUIRED,Borderline word ratio (0.31)
8068,"दूसरे दिन दूसरों के टांड़ में गया, उनलोगों ने भी आग से जलती हुई लकड़ियों को उनकी ओर फेंका गया और नगाडों को खूब बजाने लगे।","तयोम हुजड. एटत्र्प्रःकोत्र्प्रः गोड़ारेए सेनकेना; इनकुउ गुचड.तेको हुदुमकिःत्र्प्र,त्र्प्रद् नगेराको गिड़िकवकेदा।",121,112,0.9256,0.3846,REVIEW_REQUIRED,Borderline word ratio (0.38)
8150,"जंगल के पेड़ों को अंधाधूंद काटने पर या इन स्थानों पर पेड़ जबतक अवस्थित रहेंगे, तब तक वे वीरान होने तक काटते रहेंगे।","पुरअःसा दो जाबिरको मअः एटेःकेरे, एना चबाउतरोःगेको मअःएअ।",115,56,0.487,0.3478,REVIEW_REQUIRED,Borderline word ratio (0.35)
8175,इसके बाद हमारे आपस के बातों में मतभेद होने पर नहीं बनेगा।,एनते कजिबुरेपेःजनरे का बइत्र्प्रोत्र्प्र।,57,41,0.7193,0.3333,REVIEW_REQUIRED,Borderline word ratio (0.33)
8179,रसोअल-‘‘कौन सा बात ?’’,"एनते उड़ुगा मेनकेदा, ‘‘ने कजि नाअःदोलङ होकालेअ; मिअद्इङ कुलिजद्मेअ, उदुब्अइङमे।’’",22,81,3.6818,2.5,SEVERE_ANOMALY,Severe long Mundari character ratio (3.68 > 3.0)
8278,भाषा बच्चों के मुख से निकली हुई है-,7.होन कोआते उडुङाकना,35,20,0.5714,0.375,REVIEW_REQUIRED,Borderline word ratio (0.38)
8293,तुम्हारी काकी खाना खा रही थी।,गड़िनमेनतेको जोजोमजना।,29,22,0.7586,0.3333,REVIEW_REQUIRED,Borderline word ratio (0.33)
8327,टकापोएसातलेबनोअःएनामेनतेकलेअगुजदा।,"रुपये पैसे हम लोगों का नहीं है, इसी कारण से हमलोग नहीं ला पा रहे हैं।",34,69,2.0294,16.0,SEVERE_ANOMALY,Severe word count divergence (16.00)
8342,मुरुद्-बा-पलाश या टेसू का लाल फूल।,"मुरूद बा - मुरूद च टेसुवरअ अरअ बा, बे सोवन, बिरमुली रंगा बइएनिइ, बाचण्डुऊ बा तना।",34,81,2.3824,2.6667,REVIEW_REQUIRED,Borderline word ratio (2.67)
8347,तुमलोगों के स्थान को उत्साहित रखने का आदत करने वाले को आजकल अत्यन्त बिसर की तरह महसूस कर रही हो।’’,अपेते पोरसोद् हेबालेदको तिसिङ गपादो  सिसिड़िःगेको अटकरजदा।”,98,59,0.602,0.35,REVIEW_REQUIRED,Borderline word ratio (0.35)
8350,मृदा निर्माण के कारक,इमिन रयो नाः जकेद ओते रेयाः आपि हिसा रे बार हिसा जलाकर तेगे दपला कना ओड़ोः रोकोम रेयाः दारूसिङ ओड़ोः जीव कोअः जिदान रे देंगाव तना।,20,130,6.5,6.5,SEVERE_ANOMALY,Severe long Mundari character ratio (6.50 > 3.0)
8443,अध्याय 4,उपुन कुतुइल (कुतुइल 4),8,22,2.75,2.0,REVIEW_REQUIRED,Borderline character ratio (2.75)
8449,"मेरे बड़े भाई के आने के बाद, मैंने थोड़ा सा निचोड़ी और हम दोनों ने पी लिये, आप दोनों के हिस्सा को मैंने बचा दी है।’’",बउइङ हिजुःलेनचिङ चिपाकेदा अद्लिङ नूकेदा; अबेनअः हिसवइङ सरेःतदा।”,116,64,0.5517,0.3077,REVIEW_REQUIRED,Borderline word ratio (0.31)
8588,रोटो-किस तरह की बातों में ?,रोटो-चिलकन कजिकोरे?,27,19,0.7037,0.3333,REVIEW_REQUIRED,Borderline word ratio (0.33)
8619,"प्रचारक पहले ही, ऐसा वैसा कहके मतुरा को बताया और अपने घर के अन्दर बुलाकर, दूसरे तरफ में पूछ रहे हैं-‘‘यही है बाबू, ठीक तरह से देख लिया कि नहीं ?","परचारदो सिदारेगे, नेका हेनका, मेनते, मतुराए कजित्र्प्रःइत्र्प्र, त्र्प्रद् त्र्प्रएत्र्प्रः",144,91,0.6319,0.2903,SEVERE_ANOMALY,Severe word count divergence (0.29)
8626,दुरगा के साथ आप बातचीत कीजिए।,दुरगालोः कपजिबेन।,29,17,0.5862,0.3333,REVIEW_REQUIRED,Borderline word ratio (0.33)
8647,तुम बहाने से इस तरह कह रही हो।,नेअ बा’नातेगेम कजितना।,30,22,0.7333,0.375,REVIEW_REQUIRED,Borderline word ratio (0.38)
8683,"उनके कहने के अनुसार, बड़ा मेहमानी करने के समय में, तुमलोगों को भी भैंस बनायेंगे, इसके बाद हम भैंसों की संख्या बढ़ जायेगी।’’","अको कजिते,मरड. पेड़ारेदो, अपेओको केडापेअ; एनते केडाकोबु संगिओअ।",123,63,0.5122,0.3478,REVIEW_REQUIRED,Borderline word ratio (0.35)
8717,"इस लड़के के बारे में आपलोग यह मत समझिए कि उनका रंग गोरा है ऐसा, लकड़ी का बोटा का कोयला को आपलोग याद कीजिए।","एन कोड़ा, एसेलअएपे मेनतगे; कुइला मुटुगे टो’रपे।",106,47,0.4434,0.2917,SEVERE_ANOMALY,Severe word count divergence (0.29)
8729,"दामु-उसे ही हम पीते हैं ये अचानक आये हुए हैं, तुरत तैयार हो सकता है क्या ?",दमु-एनागेबु नूनोःकेत्र्प्र। त्र्प्रचकातेए हिजुःजना; रोकादो‘ड़ोः तेत्र्प्ररोत्र्प्रचि?,74,85,1.1486,0.3529,REVIEW_REQUIRED,Borderline word ratio (0.35)
8741,गोमके के पास शायद तुम मेरे बारे में बता दोगे।’’,गोमके तत्र्प्रःरे जात्र्प्रःमउदुब्मर?”,47,38,0.8085,0.3,REVIEW_REQUIRED,Borderline word ratio (0.30)
8767,रमकन मरेच रे-झाड़ियों से घिरा मैदानी में,रमकन मरेच रे,40,12,0.3,0.4286,REVIEW_REQUIRED,Borderline character ratio (0.30)
8885,दुरगा-पढ़ने के कारण ही ऐसा हो गया है।,दुरगा-पड़वतेगेए एनकाजना।,37,24,0.6486,0.25,SEVERE_ANOMALY,Severe word count divergence (0.25)
8942,उसने घर ले जाकर पाला पोसा।,"सेरोः बियर जी रेः उड़ु ऊः केदा, अञ् दो ाहेनो बङ, कोआ, ने होन  गेञ् इदि किःआ अदेङ असुलिआ। एनाते दो एन होन के इदि किःआ।",26,117,4.5,4.3333,SEVERE_ANOMALY,Severe long Mundari character ratio (4.50 > 3.0)
8967,"मुण्डा उनलोगों से कह रहा था-‘‘बुढ़िया ने हमलोगों को छोड़ दी है, आज हम उनको मिट्टी में दफन करेंगे ऐसा उनलोगों से कहा जाये, किस तरह के दुख से मर गयी है ऐसा पूछने पर, तुरत उनको बीमारी होने के कारण रात में इस दुनिया से चल बसी थी, उनके मरने के समय में हमलोगों में से कोई नहीं था, सुबह के समय में, हमलोगों ने उनको मरे हुए अवस्था में देखा था, ऐसा आपलोग उनलोगों को बताईये।’’","मुनडा मेतअकोतना, ‘‘बुड़िअ बगेकेद्बुअ; तिसिङ दोबु हसा गड़ाइअ मेतअकोपे; चेकन दुकुतेए गोएःजनाको मेतअपेरेदो, रोका दुकुतेगे निदाए गोएःजना; इनिः गोजोःतनरे जेतए काले तइकेना; सेतअः दङ गोएअकनतेले लेलकिःअ, मेतअकोपे।’’",366,207,0.5656,0.3462,REVIEW_REQUIRED,Borderline word ratio (0.35)
8986,"दूसरे लोग को हंसने की इच्छा हो रही है, पर सिर झुका कर अपने अपने मुंह को कपड़ों से ठूंस रहे हैं।","एटअः- कोदो लनदागे सनङजद्कोअ अद् तिरुब्केद्ते, मोचाको तुबिद्बड़नतना।",95,67,0.7053,0.3636,REVIEW_REQUIRED,Borderline word ratio (0.36)
9006,बिना शगुन पहचान के उनका विवाह नहीं होना चाहिए।,जाए बड.किड.त्र्प्र होनड.।,46,25,0.5435,0.3333,REVIEW_REQUIRED,Borderline word ratio (0.33)
9026,रसोअल का खण्डा हो रहा है,रसोअल कनडाओःतना,24,15,0.625,0.3333,REVIEW_REQUIRED,Borderline word ratio (0.33)
9158,वे केरअः से ही गीत गा रहे थे।,केरत्र्प्रःतेगेको दुरड.जदा।,29,27,0.931,0.25,SEVERE_ANOMALY,Severe word count divergence (0.25)
9231,बाद में हड़िया चला(हड़िया को पीने लायक बनाने की प्रक्रिया) किया।,तयोम दो इलि चिपाकेदा।,64,21,0.3281,0.3636,REVIEW_REQUIRED,Borderline character ratio (0.33)
9379,"वे दोनों उनसे कई तरह की बात पूछने लगे, वह जवाब नहीं दे पा रहा था।",ओड़ो ओड़ोः कजिकोकिङ कुलिकिः; काए कजिरुड़ाजदा।,65,45,0.6923,0.375,REVIEW_REQUIRED,Borderline word ratio (0.38)
9383,"लेकिन एक बड़ी बात पर उनको अंधा बनाया गया, इसके चलते मैं बहुत सोच में पड़ गया हॅू।","मेनदो मित्र्प्रद् मरड. कजिरेको जलाकिःत्र्प्र, एन पुरत्र्प्रःगेड.उडुःगिड़िजना।",81,77,0.9506,0.3889,REVIEW_REQUIRED,Borderline word ratio (0.39)
9420,"कद्लड.-हां, ठीक है, इतने पर भी चलिए हमलोग पीयेंगे, हम नहीं भी पीयेंगे तो उनके मन में ऐसा ही रहेगा, पीने पर भी ऐसा ही रहेगा।","कद्लड.-हे‘मर; इतिनरेत्र्प्रो इलिदोबु नूइगेत्र्प्र; काबू नूइरेत्र्प्रो इनित्र्प्रःमोन एनकागे तइना, नूइरेत्र्प्रोएनकागे।",123,118,0.9593,0.3846,REVIEW_REQUIRED,Borderline word ratio (0.38)
9437,"भारत, विश्व में, Millets का सबसे बड़ा उत्पादक देश है, इसलिए इस पहल को सफ़ल बनाने की बड़ी ज़िम्मेदारी भी हम भारत-वासियों के कंधे पर ही है ।",ओहो: विशुम छोड़ो कोरे Millets नतेन ते ऐयोनाइट भो लगातिइअ।,138,57,0.413,0.3571,REVIEW_REQUIRED,Borderline word ratio (0.36)
9478,अलो होम निजा बगेञ - हे प्रिय तुम अकेले छोड़कर नहीं भागना,अलो होम निरजा बगेञ,56,18,0.3214,0.3333,REVIEW_REQUIRED,Borderline character ratio (0.32)
9515,रइगड़ा- तुमको आदत हो जाने पर निकल सकती हो। केवल बाघ के गरजना को सुनते समय तुम आंगन में नहीं निकल सकती हो।,रइगड़ा - हेवाजनरेदोम उड़ुङओःगेअ। कुला अयुमोःतन दिपिलि बारि कामअः।,105,65,0.619,0.3913,REVIEW_REQUIRED,Borderline word ratio (0.39)
9548,उनके सात लड़के-बच्चे थे।,अकिना ए हगेअ (सात जन होन को) होन को तइ केना।,24,44,1.8333,2.75,REVIEW_REQUIRED,Borderline word ratio (2.75)
9563,पेड़-पौधे झुलसने लगे और जीव मरने लगे तो धरती के वासियों ने भगवान की गुहार मचाई।,बुरू को लोर को एनक तेगे लैजन।,79,29,0.3671,0.4375,REVIEW_REQUIRED,Borderline character ratio (0.37)
9570,और नृत्य के दौरान अपशब्द और अश्लीलगीत गाते हैं उनमें मान्यता है कि इस प्रकार अश्लील गाने गाकर भूत प्रेतों को भगया जाता है,"नेका दुरंगते हतुरेन बोंगाकोबु हरकोआ, नेया विसुआस तइकेना।",121,56,0.4628,0.3333,REVIEW_REQUIRED,Borderline word ratio (0.33)
9574,"बुढ़िया-‘‘हां, जी, तभी से मैं आपको कह रही हॅू कि मैं अच्छी हो जाउंगी, तुम ऐसा मत करो ऐसा आपने कहा था, अब मैं उठकर बैठने में भी असमर्थ हॅू।’’","बुड़िअ, ’’अम-अ, एनङ आते बुगिनअइङइङ मेमतना; अलोमअःम मेतअःइञ; नाअःदो काइङ दड़ितना।’’",140,82,0.5857,0.3667,REVIEW_REQUIRED,Borderline word ratio (0.37)
9585,इनकी जोड़ी को एक न एक दिन खोज के मिल ही जायेगी।,नीत्र्प्रः जुड़ि मुसि.बुदेड़ा नमीगेत्र्प्र।,47,43,0.9149,0.3333,REVIEW_REQUIRED,Borderline word ratio (0.33)
9595,फसल काटकर खलिहान में लाई गई।,कौऊ अयः सेंड़ा तेको नेका कना मेनद् पुरा गेको सुकुजइया आद् तरसा रे हपेया कना।,28,76,2.7143,2.5,REVIEW_REQUIRED,Borderline character ratio (2.71)
9624,"राजू अब जानना चाहता थ कि, ‘‘कोई भी वस्तु संसाधन कैसे बनती है?’’ अम्मा ने बच्चों को बताया वस्तुएँ उस समय संसाधन बनती हैं जब उनका कोई मूल्य होता है।",मियद जिनिस रअः उपयोगिता के मियद संसाधने बइयाः।,146,46,0.3151,0.2667,REVIEW_REQUIRED,Borderline character ratio (0.32)
9630,जब सब लोग मछली पकड़ने में लीन हो गये तो साँपो ने अचानक प्रवाह को छोड़ दिया। सब लोग बह कर डूब मरे।,अद् को गोए जन।,97,14,0.1443,0.1739,SEVERE_ANOMALY,Severe short Mundari character ratio (0.14 < 0.3)
9639,दोनों जवान हो चुके थे।,मधो सिंह अयः जाति किली कोलोः होनाः नंगेन्ते कुटुम असी तना मेन्दो होन्ते कोड़ा मेन केदा अञ् दो रिसा मुन्डाः होन्ते कुड़ि बगे कियाते जेताए लोः कञ् अड़ांदीना मेन्ते अपुतेः कजियइया।,22,177,8.0455,6.2,SEVERE_ANOMALY,Severe long Mundari character ratio (8.05 > 3.0)
9642,"कुल थी, हम नहीं ले जायेंगे ! जिकिलता-आप लोग ले जाईये समधि, इन चीजों को आप लोग मांग रहें हैं क्या ?","होढ़े:दो कालेअ: ! जिकिलता - इदिकेपे, सुमदि।",98,43,0.4388,0.3182,REVIEW_REQUIRED,Borderline word ratio (0.32)
9648,मुडा कोआः दिरि बिद् (मुंडाओं का पत्थर गड़ी),मुंडाकोअः दिरि बिद्,43,19,0.4419,0.375,REVIEW_REQUIRED,Borderline word ratio (0.38)
9677,वे कई तरह के कामों को करके अपना जीवन निर्वाह कर रहे हैं।,हटि-कुटि कमितेको असुलतना ।,56,26,0.4643,0.3077,REVIEW_REQUIRED,Borderline word ratio (0.31)
9681,ऐसा हो जाने पर गांव का महौल बिगड़ जाता है ऐसा कहते हैं और चावल दानों को ले जाते हैं और ओझा लोगों के कहने के अनुसार बलि दिये जानेवाले जन्तुओं को जमा करते हैं और पाहन उनका पूजा करके बलि देता है।,"एनका होबाजनरेहतु बगड़वजनाको मेनेत्र्प्र, त्र्प्रद् चउलि जड.को इदित्र्प्र, त्र्प्रद् देत्र्प्रांेड़ां कजित्र्प्रको लेका दंड़ेंको जमाएत्र्प्र, त्र्प्रद् पांड़ा बोगाएत्र्प्र।",192,171,0.8906,0.3953,REVIEW_REQUIRED,Borderline word ratio (0.40)
9709,तुम क्या सो रही हो ! इतनी रात में सूत कात रही हो !,चेकनअःम उडुःकेदा! नमिन निदाम तकुइःतना!,50,38,0.76,0.3571,REVIEW_REQUIRED,Borderline word ratio (0.36)
9722,लेकिन इस तरह के आदेश देने के बाद भी वे नहीं माने।,मेनदो मपरड.एनजनचि काको मनतिड.जना।,49,33,0.6735,0.3333,REVIEW_REQUIRED,Borderline word ratio (0.33)
9738,इसके बाद वे दोनों चले गये।,एनतेकिङ सेनोःतना।,26,17,0.6538,0.3333,REVIEW_REQUIRED,Borderline word ratio (0.33)
9766,"जगुआ - मैं तुमको देख के पहचान रहा हूँ, हम दोनों दो बार बातचीत किये थे, इतना तो मैं नजर नहीं फेर रहा हूँ।",जगुअ - लेलउरुमजदमेअइङ; बरसा लेकालङ जगरअकना; अमिनङ-गेदो काइङ दिकुमेद्अकना।,104,73,0.7019,0.375,REVIEW_REQUIRED,Borderline word ratio (0.38)
9808,मचान में बैठा हुआ आदमी बेकार में रात भर जगा रहा।,मचारे दुब्अकनिः समागेए मेद्अङलदा।,48,33,0.6875,0.3636,REVIEW_REQUIRED,Borderline word ratio (0.36)
9832,तुम मुंह उपर करके सोये रहने पर वह तुम्हारे छाती में बैठ जाता है।,"समबिरअकनए नमकेमरेदो, कुड़मरेगए दुबा ।",64,37,0.5781,0.3571,REVIEW_REQUIRED,Borderline word ratio (0.36)
9878,जहाँ कोई स्थान मे मुण्डा लोग रहते है (बसजाने पर) गांव टोला नही लुप्त हो (पहचान) के लिए भी पत्थर गड़ी किया जाता है।,दिरि बिद् रेयअः चोलोन नङको परियाएते रिका अगुआकना।,114,49,0.4298,0.3333,REVIEW_REQUIRED,Borderline word ratio (0.33)
9962,वह मजाक करने में उनका काफी नाम था।,इनिः अरगएरेए नुतुमलेना।,34,23,0.6765,0.375,REVIEW_REQUIRED,Borderline word ratio (0.38)
10024,"भट्ठियों आग से जब धरती जलने लगी, आकाश धुवें से भर उठा।",हन्ते दो ठकुरैन धरती जोलोम तन। लखि ठकुरद्यैन ओको मुलि धरती लोलोम केद एन मुलि ते ओते सपेल इदि जन आद् ओको मुलि ते जोलोम् कए तेबः केद् एन मुलि ते बुरू को बैजन ।,54,157,2.9074,2.9167,REVIEW_REQUIRED,Borderline character ratio (2.91)
10145,"उड़ुगा-‘‘हमदोनों का नाम कहने के बाद, मैं खुशी से पागल हो गया था, इसलिए मैंने उनसे नहीं पूछा।",काचिम कुलिकिःअ ?’’,92,18,0.1957,0.1667,SEVERE_ANOMALY,Severe short Mundari character ratio (0.20 < 0.3)
10199,इन सब बातों में मुझे बहुत पसन्द आया।,एनाकोइङ सुकुअदा।,36,16,0.4444,0.25,SEVERE_ANOMALY,Severe word count divergence (0.25)
10221,मर जाने वाले पर हम क्रोधित नहीं होते हैं और उनलोगों की छाया भीतरवाले कमरे ; रसोई का कमरा द्ध में प्रवेश कराते हैं।,"गोएःजनको काबु कीसिअकोतना, अद् इनकुअः उमबुल अदिङरे अदेरोःतना।",114,60,0.5263,0.3333,REVIEW_REQUIRED,Borderline word ratio (0.33)
10239,"पहाड़ नदी , नला नदी",गड़ा,19,4,0.2105,0.2,SEVERE_ANOMALY,Severe short Mundari character ratio (0.21 < 0.3)
10251,ये चिन्ह 500-2000 ई0 पू0 का कहा गया ।,नेअः चिनहा कोदो 5000 एते 2000 सिरमा जीसु खीस्ताः जोनोम् सिदा (Before Christ) कोरअः कजियोः तना।,37,94,2.5405,1.7778,REVIEW_REQUIRED,Borderline character ratio (2.54)
10404,"आकाश के सिंह बंगा, लटकन बूढ़ा लूटकूम बुढ़िया - - खसरा लड़का, तोरे लड़का छैल संधू की प्रेमिका - - यशु योजक चीन योजक चीन मरियम - - मारता - - लकी - योग चिन्ह मैगडेलीय - - द्रौपदी योजक चीन - हिडिंबा - - साबरी - - तुम्हारा ही भरोसा है योजक चीन - ।","सिरमारेन सिङबोंगा, लुटकुम हाड़ाम, लुटकुम बुड़िआ.... खसरा कोड़ा, तोरो कोड़ा छाएला संदु सोगोति... यीशु मरियम..... मास्था....लूस...... मदली द्रौपदी हिडिम्बा सबरी.आपेआः गे बोरसा...!",242,177,0.7314,0.3929,REVIEW_REQUIRED,Borderline word ratio (0.39)
10414,इस प्रकार सरदार लड़ाई या अंदोलन की शुरूआल हुई।,"नेलेकन कजि कोतेगे सरदार लड़ई चा उलगुलान एमनको होबाजना मेनदो दिसुमरे जेताए मुंडा उरङ कोअः कजि अयुमको, लिबुइको, हरदुको काको नमजना।",46,128,2.7826,2.3333,REVIEW_REQUIRED,Borderline character ratio (2.78)
10434,प्राकृतिक गैस इसके कुछ उदाहरण हैं।,"प्राकृतिक संसाधन कोरेया हनाटिङ ओते हासा, होयो दअः ओड़ो जिलिआन इसु भौतिक कारक कोरे निर्भर ताइना।",34,95,2.7941,2.6667,REVIEW_REQUIRED,Borderline character ratio (2.79)
10489,"उड़ुगा-‘‘मेरे घर में सूप भी है, गोलाकार पत्थर भी है, इसलिए जहां मैं कपड़ा बुनता हॅू उस जगह पर आप मुझको सिखाईये-आप कहते जाईये और कपड़ा बुनते के साथ मैं सुनुंगा और सूप भी आप ही पकड़िये।’’",मेनदो कोतअःरेलङ दुबा ?’’,185,24,0.1297,0.1081,SEVERE_ANOMALY,Severe short Mundari character ratio (0.13 < 0.3)
10530,उन दोनों को मजाक अच्छा नहीं लगा ।,लनदा का सुकुकेद्किङअ।,33,21,0.6364,0.375,REVIEW_REQUIRED,Borderline word ratio (0.38)
10555,"झुका हुआ है, सटा हुआ है।",लिड़ुअकन जोपोद्अकना।,24,20,0.8333,0.3333,REVIEW_REQUIRED,Borderline word ratio (0.33)
10586,तुम्हारे घर की बहु तुमको मदद करने पर भी उन तीनों से तुम दोनों नहीं जीत सकोगे।,अपे ओड़ःरेन किमिन देंगामेरेओ काबेन दड़िअकोअ।,77,44,0.5714,0.3529,REVIEW_REQUIRED,Borderline word ratio (0.35)
10651,"आपलोगों के द्वारा मुर्गा देने से भी बनेगा, बकरा देने से भी बनेगा, उन्हीं के द्वारा नुकसान करने पर ही, इस तरह के बलिओं को चाहते हैं ऐसा मैं आपलोगों से कह रहा हूँ।","सिमपे ओमअकोरेओ बइओअ, मेरोमपे ओमअकोरेओ बइओअ। इनकुगे हतिरतनरे च, नेकन दंड़ेंको नमतनाइङ मेतअपेअ।",161,93,0.5776,0.3824,REVIEW_REQUIRED,Borderline word ratio (0.38)
10660,इसके बाद वे एक दूसरे का अभिवादन कर अपने अपने रास्तों में चले गये।,एनतेदो जोपोअरजनचिकिङ अपन अपिनेनजना।,65,35,0.5385,0.2857,SEVERE_ANOMALY,Severe word count divergence (0.29)
10870,किसको क्या हो रहा है! चलो हमलोग दौड़ के जायेंगे !’’,ओकोए चेकाओःतना! दोलाबु निरेअ!’’,51,31,0.6078,0.3636,REVIEW_REQUIRED,Borderline word ratio (0.36)
10881,दुःख चलाने वाले के शरीर में जडी-बुटी दवाओं का कोई प्रभाव नहीं होता है,दुकुअकनिअः होड़मोरे रे’द रनुको गोसोगोःअः,69,40,0.5797,0.3571,REVIEW_REQUIRED,Borderline word ratio (0.36)
10911,० वायु दाब एवं धरातलीय पवनें,नेअः बोओः कुन्दुड़ि गोलार्द्ध रअः उपोष्ण कटिबंधीय दाब तोनोलःते ते उपनव कना।,28,75,2.6786,2.0,REVIEW_REQUIRED,Borderline character ratio (2.68)
10942,समधि भेंट के बाद बाजा बजाने वालों के साथ वे गांव के चारों ओर घूम लिये।,मेरगेराइ तयोमते हतुको बियुरकेदा बजुड़िअं कोलोःगे।,70,49,0.7,0.375,REVIEW_REQUIRED,Borderline word ratio (0.38)
10946,सोसो बोंगा रे असुर कहानी में कहा जाता है कि कसरा कोड़ा तोरो कोडा जिंन असुर महिलाओ को उपर की ओर चारो दिशा में गिरने जैसा उछाला था उनमें से जो सड़को पर गिरी वे लंघन बोंगा बन गई।,"असुर कहनिरे कजिओःतना, ‘‘कसरा कोड़ा हिचिगिड़िलेद् असुरकोरे होराकोरे उयुजनको लंघन बोंगाजना’’।",175,91,0.52,0.2821,SEVERE_ANOMALY,Severe word count divergence (0.28)
10981,"इतने सालों तक हम एक दूसरे से अलग नहीं होने पर, मरने के समय पर क्या हम एक दूसरे से अलग होंगे ?","इमिन सिरमा कालिड. बपागेजनते, गोजोःतनरेचि‘ड़ोःलिड. बपागेअ ?’’",93,60,0.6452,0.3043,REVIEW_REQUIRED,Borderline word ratio (0.30)
11077,बड़ंदा शीघ्रता में लोहराओं के पुवाल वाले छपरि में प्रवेंश कर अपने को भींगने से बचाने का प्रयास करने लगे।,बड़ंदा कोड़ादो बड़एकोअः चपिरिरे सुरूनजना।,104,41,0.3942,0.25,REVIEW_REQUIRED,Borderline character ratio (0.39)
11184,इस तरह करते करते बड़ी हो जाती है और वहां पर आदत हो जाने पर हमेशा के लिए रह जाती है।,एनका एनकाते मरङजप अद् हनरेओए हेवाजनचिइ टइनउतरेना।,83,49,0.5904,0.3333,REVIEW_REQUIRED,Borderline word ratio (0.33)
11193,आपलोग पानी वगैरह पी लीजिए कहके उनलोगों से कहा गया लेकिन वे नहीं माने।,दअःको नूलेपेको मेनलेद्कोअ; काकोअःजना।,69,37,0.5362,0.2857,SEVERE_ANOMALY,Severe word count divergence (0.29)
11209,इसके साथ ही इस तरह का बात फैल गया और बहुत सारे गांवों के लोगों को चेचक के शुरूआत होते ही हंसुआ के नोक से चोट पहुंचवाने लगे।,"एनलोःदो कजि पसरवजना, अद् इसु हतुरेनको मरि एटेःजनलोःगेको तोमबअःनजना।",123,67,0.5447,0.3214,REVIEW_REQUIRED,Borderline word ratio (0.32)
11245,"एक ने तो बकरे का कटा हुआ पिछला पैर का टुकड़ा लाकर गुलर के पेड़ के धड़ में टेक लगा के रख दिया, दूसरे ने आदमी के कटे हुए पैर के टुकड़े मुंह से पकड़ कर लाते हुए गुलर के धड़ में टेक लगा के रख दिया और एक ने पूरे कुता को ही मुंह से पकड़ते हुए लाया और पेड़ के नीचे रख दिया, दो बाघों ने कटा हुआ बैल के पिछला पैरों के एक एक टुकड़े लाये, लाये गये सभी मांस को रखकर, सब बैठ गये, वे झक सफेद दिख रहे थे। बुदु के पेट से गुड़गुड़ाहट की आवाज आ रही थी।",बुदुअः लाइःदो हड़ा हुड़ुतन सड़ितना।,434,35,0.0806,0.0481,SEVERE_ANOMALY,Severe short Mundari character ratio (0.08 < 0.3)
11250,"औरतें-‘‘उनके द्वारा वापस जबाब नहीं देने पर भी हमलोग उनको बहनोई कहेंगी, वह आपको छाया प्रदान करेंगे, वह आपको किस लिए छोड़ सकते हैं ?’’","कुड़िको, ‘‘काए कजिरुड़ाकेद्रेओले तेनजङअइगेअ; उमबुल रुड़ामेगेअए; चिलकाए बगेमेअ ?’’",132,81,0.6136,0.36,REVIEW_REQUIRED,Borderline word ratio (0.36)
11253,दुरगा-किस तरह से ?,दुरगा-चेकाते?,18,13,0.7222,0.25,SEVERE_ANOMALY,Severe word count divergence (0.25)
11333,मुझे बताइये।,हे अबा बुतलै हातु चनाः मेन्ते एनका नुतुम जना एना उदुबइंग मे।,12,60,5.0,6.0,SEVERE_ANOMALY,Severe long Mundari character ratio (5.00 > 3.0)
11382,अध्याय 3,अपि कुतुइल  (कुतुइल 3),8,22,2.75,2.0,REVIEW_REQUIRED,Borderline character ratio (2.75)
11449,नौका से पहले पार होने वाले का नाम सरअः पुर्ती और बाद में पार होने वालों का नाम सण्डी-पुर्ती रखा गया।,मियद कजीमे काने-काने कजिदो फलतु देके।,100,37,0.37,0.2857,REVIEW_REQUIRED,Borderline character ratio (0.37)
11475,तुंरत यहाँ का पुर्नगठन आयोग रांची से पटना लौट गया इस प्रकार जयपाल सिंह को बिहार के आयोग की चाल के कारण झारखंड अलग राज्य की बात नहीं हो पाई।,एन लोः नेताः रे पुनर्गठन आयोग राँची आते पटनाए रूआड़ा जाना।,139,58,0.4173,0.3667,REVIEW_REQUIRED,Borderline word ratio (0.37)
11498,वे ले जाते।,कद् तैकेल ईनिः एनागेः इदि केद आद् सूद मूड़ मोद काठ तलाए ओमऐय।,11,61,5.5455,4.3333,SEVERE_ANOMALY,Severe long Mundari character ratio (5.55 > 3.0)
11507,"इसके बाद कुदाली को कंधे में लेकर, छोटा सा घड़ा को टांग लिया और गुलर के पेड़ के नीचे एक जगह पर मिट्टी को छील कर समतल किया और उस आस पास के गोबर को चुन लिया और घड़े से डोभा से पानी लाकर, उस साफ किये हुए जगह को गोबर से लीप दिया और घर चला आया।",सेतअः दिपिलि उड़ुगा रसोअल मिअद् कुद्लम असिकिःअ।,238,47,0.1975,0.1207,SEVERE_ANOMALY,Severe short Mundari character ratio (0.20 < 0.3)
11529,मुण्डा-‘‘ बुढ़िया के बिदाई किये गये बेटियों के पास और कुटुम्ब मेहमानों के पास खबर भेजने के लिए आदमियों को चुना गया।,"मुनडा, ‘‘मेनतेदो होड़ोको सलाजना।",115,32,0.2783,0.1818,SEVERE_ANOMALY,Severe short Mundari character ratio (0.28 < 0.3)
11550,इसके बाद दोनों ने एक मोटा लकड़ी का बड़ा बोटा को ले आकर खोढ़र में धकेल के अन्दर किये।,एनतेदो मिअद् दरु अउकेद्चिकिङ उसुकुर अदेरकेदा।,84,45,0.5357,0.3158,REVIEW_REQUIRED,Borderline word ratio (0.32)
11586,आपलोग घरों से मत निकलिए ! वह पैरों से आपलोगों को लात मार सकता है !,अलोपे उड़ुङ बड़ाओअ! इनिः कुलसुतपेगे!,66,36,0.5455,0.3125,REVIEW_REQUIRED,Borderline word ratio (0.31)
11629,इसके बारे में तुम हमदोनों को बताओ।’’,एना उदुबअलिङमे।’’,36,17,0.4722,0.2857,SEVERE_ANOMALY,Severe word count divergence (0.29)
11669,कुछ देर बाद मैं आपलोगों को ले जाउंगा।,हुड़िङ गड़िकेद्रेङ इदिपेअ।,37,26,0.7027,0.375,REVIEW_REQUIRED,Borderline word ratio (0.38)
11682,सुबह सुबह ऐसा आपस में बहस कर रही हैं !,सेतअःरे नकाबेन कपजितना!,38,23,0.6053,0.3,REVIEW_REQUIRED,Borderline word ratio (0.30)
11692,भेज रहे हैं विदा कर रहे हैं।,"कुलेतनाको, बिदातनाको।",28,21,0.75,0.2857,SEVERE_ANOMALY,Severe word count divergence (0.29)
11802,"थोड़ी देर में, दुरगा भी निकला और दूर से उनदोनों को देखा।","हुड़िड. हेड़ारे, दुरगात्र्प्रोए उड़ुड.लेना, त्र्प्रद् संगिनातेए लेलतद्किड.त्र्प्रनिकिड. जगरतनरेगेए बोलो रुड़ाजना, त्र्प्रद् रिड़ुए मेतत्र्प्रइतना, “परचार त्र्प्रद्मतुरा हनतत्र्प्रः रेकिड.जगरतना।",56,194,3.4643,1.4167,SEVERE_ANOMALY,Severe long Mundari character ratio (3.46 > 3.0)
11868,"इस तरह की बात बहुत जल्द कई जगहों पर फैल गया और बहुत लोगों ने- ‘‘हमलोगों को काशीपुर ले चलो,’’ कहके, पहले वहां गये हुए वालों से कह रहे थे और उनलोगों ने बाद में जाने वाले लोगों को ले ले गये।","ने कजि सेकेड़ानोगे पसरवलेना, अद् इसुको, ""कसिपुरते इदिलेमे,"" मेनते सेनकेनकोको कजिअद्को अद्को इदिजना।",187,99,0.5294,0.3095,REVIEW_REQUIRED,Borderline word ratio (0.31)
11900,लेकिन आपने पूरा नहीं बताया है।,मेनदो कामचबा‘कद्कोत्र्प्र।,30,26,0.8667,0.3333,REVIEW_REQUIRED,Borderline word ratio (0.33)
11907,"इसपर भी उनलोगों को और डांटने पर, मैं उनसे क्या कहूंगा इस बारे में आपलोगों को पहले में मैं नहीं बताउंगा, लेकिन कहते समय आपलोग सुनेंगे ही।",एनरेत्र्प्रोए एरड.कोरेचेनत्र्प्रःइड.मेतत्र्प्रइत्र्प्र एनादो काइड. उदुब् त्र्प्रयरत्र्प्रपेत्र्प्र। एनरेत्र्पोए एरड.कोरे त्र्प्रयुमेगेेत्र्प्र।,136,143,1.0515,0.3333,REVIEW_REQUIRED,Borderline word ratio (0.33)
11911,और कौन आपके लिए खींच देगा ?’’,"एनते बरनकिङ एनते कूब्किङ सुकुजना, अद् कुड़ि मेअतइतना, ‘‘गपा सेतअःरे अदोअ चउलि इदिकेअते, कुकुरु लोवा सुबारे सिमकिङ बोंगाकेकिङमे; जा लेकातेङ बुगि तबोःका; नेकागे रुआकनगेङ तइनरेदो ओकोए मनडि उतुअमेअ ?",29,195,6.7241,4.1429,SEVERE_ANOMALY,Severe long Mundari character ratio (6.72 > 3.0)
11913,"इसके बाद बुढ़िया बुढ़ा से कह रही थी-‘‘ऐ, जी, अब आपने सुन लिया न, मेरी बात गलती है आपकी बात।’’","हड़म, बलगाए मेतअइतना, ‘‘ओचो, जइङएम बेदाजद्लङअ जाअः!’’",93,53,0.5699,0.35,REVIEW_REQUIRED,Borderline word ratio (0.35)
11935,यदि हैं तो उनलोगों पर दूसरे लोग थूकते हैं।,"मेनअःकोरेदो, इनकुजको बेःअकोअ।",42,29,0.6905,0.3333,REVIEW_REQUIRED,Borderline word ratio (0.33)
11950,"हर दिन गुफा की तरह अंधेरा रहता था और शाम होने के कुछ देर बाद, कोई भी इधर उधर जा नहीं सकता था।","अद् अयुबजनचि, हुड़िड.लेका तयोमते, जेतए सेनबड़ा काको दड़ितन तइकेना।",93,66,0.7097,0.3913,REVIEW_REQUIRED,Borderline word ratio (0.39)
12010,"ये दक्षिण की ओर बहती, कोरिआलिस बल के कारण दाहिनी ओर विक्षेपित होकर विषुवतीय निम्न दाब वाले क्षेत्रों की ओर बढ़ती हैं।",हिजुःपेः नेलेपे चितकाते?,117,24,0.2051,0.1364,SEVERE_ANOMALY,Severe short Mundari character ratio (0.21 < 0.3)
12047,"यह बहुत कठिन प्रशन है, किसी भी बुढ़ा या ओझा या पाहन से मैंने नहीं सुना है।","रसोअल, ‘‘हेला, कका!",74,19,0.2568,0.1765,SEVERE_ANOMALY,Severe short Mundari character ratio (0.26 < 0.3)
12054,अजड़ सावन रे- आसड़ सावन माह में,असड़ सवन रे,31,11,0.3548,0.4286,REVIEW_REQUIRED,Borderline character ratio (0.35)
12092,आपलोग अच्छे हैं कि बीमार हो रहें हैं ?,बुगिनगेत्र्प्रपे चिपे हसुबड़ातना?,38,33,0.8684,0.3333,REVIEW_REQUIRED,Borderline word ratio (0.33)
12182,अम चिमइ सेने लेदा - हे युवती क्या तुम ही चल फिरथी,अम चिमइ सेन लेदा,49,16,0.3265,0.3333,REVIEW_REQUIRED,Borderline character ratio (0.33)
12187,"सभी ने अपने अपने पेट और अमाशय को दिखाना शुरू किये, ठीक उसी समय, पिड़ियुद् चिड़िया अपना भरा हुआ अमाशय को छिपाने के लिए सिड.बोंगा की ओर पीठ करके बैठ गयी और गर्दन को घुमाते हुए, सिड.बोगा की ओर देखने लगी और कह रही है-‘‘देखिए, गोमके, मेरे पेट के अमाशय को देख लिया जाये, मेरी पेट भरी हुई है क्या !’’","सिङबोंगा कुलिजद्कोअ, ‘‘नमिनङ हेड़ारेपे हुनडि चबाजना; होराकोरे जानअः जाअःपे जोमबड़ाकेना! सेबेनको अपन अपन लाइः ओड़ोः उकुः उदुबेनपे।’’",293,131,0.4471,0.2787,SEVERE_ANOMALY,Severe word count divergence (0.28)
12221,ओेेर हँसी-दिल्लगी करते हुए उसका हाथ-पैर दबाने लगी।,"सेन सेन ते पुरःम लगा जना, मेनते लन्दा-लन्दा ते गोटा को दुब होरो किःया। ओड़ोः सोबेन कोते इतिर को एटेः केदा ।",50,107,2.14,2.75,REVIEW_REQUIRED,Borderline word ratio (2.75)
12268,करे मइनम नमे कोआ - नहीं पाओगी युवती वे दोनो तो,करे मइनम नमे कोआ,46,16,0.3478,0.3636,REVIEW_REQUIRED,Borderline character ratio (0.35)
12291,"अब उनसे किसी प्रकार का गंध नहीं आ रहा है, बिसर भी नहीं आ रहा है।","नाअःदो सोअन बनोःजना, सिंड़िः बनोःजना।",64,37,0.5781,0.3125,REVIEW_REQUIRED,Borderline word ratio (0.31)
12294,मैं आपको लोहे की कील से ठोंक दूंगा।,मेड़ेद् किलाइङ किलामेअ।,35,23,0.6571,0.375,REVIEW_REQUIRED,Borderline word ratio (0.38)
12306,"हमलोगों ने कई बातों को जोड़कर बातचीत किये, हमलोगों ने बात, मृत्यु के बारे में शुरू किये थे, विवाह की बातों की तरफ ले गये, इसके बाद गैर आदिवासी विवाह के बारे में बातें हुई, गैर आदिवासी विवाह से नर्तकी के बारे में बातचीत हुई और ग्रह के विषयों के साथ हमने बातों को अन्त की।","इसुगे जगरबु नंड़िकेदा, गोनोएःरेबु एटेःलअः; अड़नदि-तेबु इदिकेदा; एनतेदो दिकु अड़नदिते नंड़िजना; दिकु अड़नदि आते किलडि-कोअःरे सेनोःजना, अद् गरारेबु टुनडुकेदा।",270,156,0.5778,0.3393,REVIEW_REQUIRED,Borderline word ratio (0.34)
12341,दुरगा-प्रचारक को हम अगुवादार बना रहें हैं।,दुरगा-परचारले सुइदारजत्र्प्रःइत्र्प्र।,42,38,0.9048,0.2857,SEVERE_ANOMALY,Severe word count divergence (0.29)
12389,उस समय बच्चे भजन गा रहे थे।,होनको भजनतना।,27,13,0.4815,0.2857,SEVERE_ANOMALY,Severe word count divergence (0.29)
12405,उस दिन चमगादड़ सुबह से नहीं आया था।,एनतेदो सोबेनको अतिङतेकोजना।,35,27,0.7714,0.375,REVIEW_REQUIRED,Borderline word ratio (0.38)
12422,इसके बाद एक बुढ़िया के निकलने के बाद उन बच्चों से कह रही है-‘‘तुमलोगों को क्या हो रहा है ?,"एनते मिअद बुड़िअ उडुड.लेनचिइ मेतअकोतना, “चेकाओतनापेअ ?",90,54,0.6,0.35,REVIEW_REQUIRED,Borderline word ratio (0.35)
12433,इसके बाद हम और देख रहे थे।,एनतेत्र्प्रोड़ोःगेले लेलतना।,26,28,1.0769,0.2857,SEVERE_ANOMALY,Severe word count divergence (0.29)
12483,तुम इनकी सेवा के लिए एक दिन निश्चित करो और सब मिलकर खाओ-पीओ।,"सिंगबोंङ मनोआं होनके बूझौ किया चि अम अमाः देङा केन को कमि लेदअः रअः जामेयाः हनातिंग कम ओमद् कोआ ओड़ोः अम एस्कर गेम जोम केदा, एनामेन्ते तिसिङऐ तेइंग तोलम तना ओड़ोः ठहरौ जद् दिनरे निकुअः नङेन्ते सेवा ( सोहराई ) नेग रिकाएमे।",60,221,3.6833,3.2308,SEVERE_ANOMALY,Severe long Mundari character ratio (3.68 > 3.0)
12501,वन पर्वतों में कुसुम  वृक्ष में नये कोमल पत्ते लाल लाल दिख रहे हैं।,बिर-कान्दार कोरे बारू सुड़ा जेंगेद-जेंगेद।,67,42,0.6269,0.3571,REVIEW_REQUIRED,Borderline word ratio (0.36)
12515,"लेपो इस तरफ भाग रहा था, उस तरफ से भी हवा में तेजी से उड़ते हुए, उनको आगे जाने से रोक रही थी। तब वह पीछे मुड़कर भाग रहा था, तब, उस तरफ से भी हवा में तेजी से उड़ते हुए रोक रही थी।","लेपो नेतेए निरतना, नेतेओए सो'र केसेद्जअ:इञअ, हेनतेए निरतना, हेनतेओए सो'र केसेद्जअःइञअ।",177,86,0.4859,0.25,SEVERE_ANOMALY,Severe word count divergence (0.25)
12578,सुड़ा सागेन - डालियों के नवकोपलें ही नवकोपलें,सुड़ा सांगेन,45,12,0.2667,0.25,SEVERE_ANOMALY,Severe short Mundari character ratio (0.27 < 0.3)
12664,"उसके छत के उपर चमड़े से बना चपुवा रखा हुआ था,उसचपुवा के उपर गिरे वर्षा के जल छापरि से टपकते हुए बड़ंदा के सिंगार वाले कलगा मे लग गया।",एन चपुअरे टोःजन दअः बड़ंदा कोड़ाअः कलगारे टोःजना।,133,49,0.3684,0.2759,REVIEW_REQUIRED,Borderline character ratio (0.37)
12668,बिक्री करने से उनलोगों को अच्छा खासा दाम मिल रहा है।,डिड़िअगे गोनोङको नमरुड़ाजदा।,52,28,0.5385,0.2727,SEVERE_ANOMALY,Severe word count divergence (0.27)
12693,हर साल गरमी दिनों मे छऊ नृत्य रखा जाता है छऊ नृत्य में बंगाल में उस्ताद नाच डॉक्टर सूर्य हाड़ी विनोदर महतो जैसे जाने- माने कलाकार सब आते हैं।,कलाकार को सोबेन लेकान कला नाटख को लेल रिका जदा।,141,47,0.3333,0.3448,REVIEW_REQUIRED,Borderline character ratio (0.33)
12729,हमलोगों को इस तरह से बैठने रहने से पैरों में थकावट आ जायेगी।,अबुदो एनका दुबकोःरे कटाको लगाबुअ।,60,33,0.55,0.3846,REVIEW_REQUIRED,Borderline word ratio (0.38)
12745,"आजकल मैं तालाब बांध रहा हॅू , खुदाई और पत्थरों को एक उपर एक रख कर सजाना बहुत पडा हुआ है।",तिसिड.गपा बनदाइड. तोलना; चलुः त्र्प्रद् दिरि तिरिड. पदान-पडवत्र्प्रकना।,88,71,0.8068,0.381,REVIEW_REQUIRED,Borderline word ratio (0.38)
12773,नौका चलाने वाला अन्त में नौका के साथ ही नदी में भाग गया था इसलिए उसके गोत्र का नाम गाड़ा केवटो-किली हुआ।,एनका ते पुरःआ गे किली को संगी जना।,104,34,0.3269,0.3636,REVIEW_REQUIRED,Borderline character ratio (0.33)
12842,मांगु धान एन(पैरों से धान को डंठल से अलग) कर रहा है।,मांगु बाबाए एन तना।,52,19,0.3654,0.3333,REVIEW_REQUIRED,Borderline character ratio (0.37)
12862,"बुढ़िया-हां ठीक है, किस दिन उनलोगों को बुलाया जायेगा इसके बारे में हमदोनों बात कर लेंगे।",बुड़ित्र्प्र-हे‘मन; त्र्प्रोको हुलड.को रगोःका एनालड. जगरेत्र्प्र।,88,65,0.7386,0.375,REVIEW_REQUIRED,Borderline word ratio (0.38)
12864,इनका जात डूब जाने अर्थात नष्ट हो जाने के पस्चात इन दोनों मूें अलगावे हो गया।,"इनिअः जति डुबवजनचि, निकिङरे बिपिङगा होबाजना।",76,44,0.5789,0.375,REVIEW_REQUIRED,Borderline word ratio (0.38)
12975,लोग चिन्ता में पड़े कि इन पर किस चीज का नशा इस तरह छा गया है।,प्राद् तयोम तेदो मजा-मजा दरू जना।,61,33,0.541,0.375,REVIEW_REQUIRED,Borderline word ratio (0.38)
13098,"ओझा-‘‘हां, ठीक है, लेकिन इस तरह के कामों को सीखने के लिए मूल्य लाने पर भ्रष्ट हो जाता है ऐसा कहते हैं-इस कारण से मुझको डर का अनुभव हो रहा है।’’",हुड़िङ लेका अइङतेओइङ रिका दड़िका मेनपतेगेङ सनङतना।’’,143,52,0.3636,0.2258,REVIEW_REQUIRED,Borderline character ratio (0.36)
13164,इसके बाद बाहर वे वाले कमरे में निकल गये।,एनते ओअरितेको उड़ूङजना।,40,23,0.575,0.3333,REVIEW_REQUIRED,Borderline word ratio (0.33)
13192,मैं कितने प्रकारों को बताउंगा !,चिमिनतेअःइङ उदुब्अपेअ!,31,22,0.7097,0.3333,REVIEW_REQUIRED,Borderline word ratio (0.33)
13202,"हमारे गांव में एक आदमी का सफेद बाजरा हाथी ने सूंढ़ से नोचा था, हाथी दो दिन आया था, इसके बाद हमलोगों ने बाड़ी में लकड़ियों को जलाया, हमारे सफेद गंगई के टांड़ में हाथी के आने पर, आग से जलती हुई लकड़ियों को उनकी ओर फेंका, वह जान के भय से वहां से भागा।","त्र्प्रले हतुरे मित्र्प्रद् होड़ोत्र्प्रः गंगाइदो हति कंकरलत्र्प्रः;बरसिड.ए हिजुःलेना; एनते त्र्प्रलेदो चड़िःरेले पसंगिकेदा; त्र्प्रलेत्र्प्रः गंगाइगोड़ारे हति हिजुःलेनचि, गुचड.तेले हुदुमाकिःत्र्प्र; जी सेनोःगेए निरजना।",248,219,0.8831,0.3818,REVIEW_REQUIRED,Borderline word ratio (0.38)
13240,"अब तो उड़ुगा घर में अपनी पत्नी से कह रहा था-‘‘चलो, कुछ चीजों को ले जाने में मुझको मदद करो, मुझको ले जाने में बन नहीं रहा है, वहां पर ले जाकर तुम लौट जाओ।’’",एन दिपिलिगे रसोअल लोवा कुकुरुरेए बोलोजना; उड़ुगा दो काए चिरगेलाकिःअ।,155,68,0.4387,0.2857,SEVERE_ANOMALY,Severe word count divergence (0.29)
13250,उस घर का आदमी मरे हुए की तरह गहरी नींद में सो रहा है।,होड़ोकोदो गोएःगिड़िअकन लेकागेको दुड़ुमअकना।,53,43,0.8113,0.2857,SEVERE_ANOMALY,Severe word count divergence (0.29)
13272,इस टीका के लगाने से मौत होने की संभावना कम हो जाती है।,ने टिकारेअः गोनोङ का लगातिङ।,54,28,0.5185,0.3846,REVIEW_REQUIRED,Borderline word ratio (0.38)
13306,मतुरा-आपदोनों हमलोगों का किसी प्रकार का अनुचित नहीं कर रहे हैं।,मतुरा-अलेदो जेतनअः काबेन बगड़वजद्लेअ।,63,37,0.5873,0.3636,REVIEW_REQUIRED,Borderline word ratio (0.36)
13326,"तुमको विश्वास नहीं हो रहा है तब, प्रचारकों से और पादरियों से पूछ लो क्या दूसरे लोग तुमको बता सकते हैं क्या !","कामबिसुत्र्प्रासनरेदो, परचारको त्र्प्रोड़ोः पदरिको कुलिकोम एटत्र्प्रःचिको कजित्र्प्रमेत्र्प्र!",108,94,0.8704,0.3043,REVIEW_REQUIRED,Borderline word ratio (0.30)
13362,"उन्होंने कहा, स्वामी, हम जाने को तो तैयार हैं पर रास्ते में क्या खायेंगे? भगवान ने लिपि से कहा कि गाड़ीवानों की गाड़ी से जो धान, चावल गिरता चलता है वह तुम्हें मिलेगा।",सोबेन लेकन् जोमेयः जो दरू आर अड़ः सकम् कोए सिरजव केद।,166,53,0.3193,0.3333,REVIEW_REQUIRED,Borderline character ratio (0.32)
13365,लेकिन मांस का रसादार को चूल्हा में चढ़ाये हुए के समय में वे तपान मद्य को पीयें।,मेनदो उतुको लदिअकद् दिपिलि तपनको नूकेदा।,79,40,0.5063,0.3529,REVIEW_REQUIRED,Borderline word ratio (0.35)
13378,चलते-चलते उसे घने जंगल में एक राक्षस मिला जो गहरी नींद में सोया हुआ था।,होरारे रागोसा दुड़ुमाकनए नमकिया।,71,32,0.4507,0.2667,SEVERE_ANOMALY,Severe word count divergence (0.27)
13380,अध्याय 5,मोढ़े कुतुइल (कुतुइल 5),8,23,2.875,2.0,REVIEW_REQUIRED,Borderline character ratio (2.88)
13384,बुिढ़या बलगा से कह रही थी-‘‘वह किस तरह से हमदोनों को ठग रहा है ?,"बुड़िअ मेनकेदा, ‘‘चिलकाए बेदाजद्लङअ?",64,36,0.5625,0.2667,SEVERE_ANOMALY,Severe word count divergence (0.27)
13387,क्या वह भी मुझे मना कर रहे हो?,एनाओ चिम मानाजाःञा?,30,19,0.6333,0.375,REVIEW_REQUIRED,Borderline word ratio (0.38)
13428,भगवान को उनपर बड़ी दया आई।,भगवान इन किन रे बिल्लिका किआ ओड़ोः अच्छकाते होयो ओड़ोः दअः हिजुः जना।,26,69,2.6538,2.1667,REVIEW_REQUIRED,Borderline character ratio (2.65)
13457,जनुम तेको रमेन जान - कंटिली झाड़ीयों के नीचे दबे हुए हैं।,जनुम तेको रमेन जान।,57,19,0.3333,0.3333,REVIEW_REQUIRED,Borderline character ratio (0.33)
13483,उसने हड़िया उठाया और दोनों चल पड़े।,मुसिञ हुलं नअः दो मोद् चटू इलि किञ अकिद् केदा। इसिन जन चि कुड़ीआ हातु तेकिञ हिजुः जना।,35,86,2.4571,2.5714,REVIEW_REQUIRED,Borderline word ratio (2.57)
13491,कितने बार इन बातों को आपस में बहस करते रहेंगी ?,चिमिन एनागेबेन कपजिअ?,47,21,0.4468,0.2727,SEVERE_ANOMALY,Severe word count divergence (0.27)
13573,"फूस के मकानों के छत तेज हवा के कारण से उजड़ रहे हैं,",सउड़ि ओड़अः कोए उरिबड़ाजदा;,52,27,0.5192,0.3077,REVIEW_REQUIRED,Borderline word ratio (0.31)
13710,मरे हुए केशव को निकालते समय भी वे साथ में जाती हैं और दफन करने के स्थान तक ले जाते समय में भी वे विलाप करती हुई जाती हैं और जबतक दफन नहीं किया जाता है तबतक सभी औरतें विलाप करती रहती हैं।,"गोएःजनिः उड़ुङजअः इरेओकोसेना, अद् तोपागड़ा तअः इदिजअ : इरेओको रअःइदिअ, अद् अउरि तोपाइ जकेदो सोबेन कुड़िको रअःएअ।",186,112,0.6022,0.3953,REVIEW_REQUIRED,Borderline word ratio (0.40)
13781,सीमा के अन्दर वाले अनेक जलाशयों में बहुत सारे देव रहते हैं (इन्हें इकिर बोंगा कहा जाता है) ये अपने अधिकार में रखे जगहों के नामों के जैसा ही नामित हैं।,नीदो बिर मा’राएते हुड़िङनोगे बरो बिदिअ तेरो चएअए चलवएअ।,150,55,0.3667,0.2903,REVIEW_REQUIRED,Borderline character ratio (0.37)
13816,बिरसा का धर्म पूरे इलाके में चने ।,सोबेनआते बुगिन राजनीति रेआः मूल मतलब दो नेआगे होबावा चि बिरसाअः लतर (अधीन) रे मियाद राइज बाइओका आर बिरसाआः घरम टा गोटा इलाका रै चलावाओ का।,34,138,4.0588,3.25,SEVERE_ANOMALY,Severe long Mundari character ratio (4.06 > 3.0)
13820,विविधता का हम गौरव करते हैं लेकिन क्या कभी आपने इस विविधता को अनुभव करने का प्रयास किया है क्या?,विविधता उड़ुः तेबअः रेअः बु कोसिस तदा?,96,38,0.3958,0.35,REVIEW_REQUIRED,Borderline character ratio (0.40)
13857,पता नहीं प्रेतात्मा है या कौन हमदोनों के पास आ गया है !,इदु बोंगा चि चेकनिः नमकेद्लङअ!,55,30,0.5455,0.3846,REVIEW_REQUIRED,Borderline word ratio (0.38)
13875,"उसने पूछा, ‘‘ अम्मा यह सच में हो सकता है?’’","राजू कुलिकिया ‘‘ अबु नेआः मेनते चनाः बु चिका दड़िया ?’’ इसु पराः,’’ एअङ कजि रूवड़ केदा, ‘‘ अपे अपन सोंगे कोलोः चनाः मेनते कपे जगर तना?’’ संसाधन को बनचाव केआते कामि रे अगु लगातिङा ओड़ोः नवीकरण मेनते सोमए ओम, संसाधन संरक्षण कजिओः तना।",43,232,5.3953,4.4,SEVERE_ANOMALY,Severe long Mundari character ratio (5.40 > 3.0)
14099,"आज बुरूमा वालों को ले आईये, कुछ दिन के बात जुड़मु वालों को।",तिसिड.बुरुमारेनको त्र्प्रउकोम; गपाकोते जुड़मुःको।,59,49,0.8305,0.3077,REVIEW_REQUIRED,Borderline word ratio (0.31)
14134,"शिक्षा और स्वास्थ्य, लोगों को बहुमूल्य संसाधनबनाने में मदद करते हैं।",संसाधन संरक्षण,68,14,0.2059,0.1818,SEVERE_ANOMALY,Severe short Mundari character ratio (0.21 < 0.3)
14167,लक्ष्मी लीपने लगी।,होटोः रे को मः पे रे एनङ् पे गोजोव।,18,35,1.9444,3.0,REVIEW_REQUIRED,Borderline word ratio (3.00)
14280,रूटा-कहिए।,रुटा - कजीमे ।,10,14,1.4,4.0,SEVERE_ANOMALY,Severe word count divergence (4.00)
14286,"बुदु-‘‘दीमक के टीला के पास  बहुत दर्द होते हुए मैंने तुमको देखा है, इस तरह का पेट दर्द मुझको न मिले।’’ कुदु-‘‘पेट दर्द ज्यादे देर तक नहीं रहता है, जबतक पूंछ पूरा नहीं निकल जाता है तबतक दर्द करता है।’’","बुदु, ‘‘बुनुम तअःरे केनटेद् लाइः हसुजद्मेरेङ लेलकेद्मा; एनकन लाइः हसु अलोका नमिङ!‘‘",200,83,0.415,0.3,REVIEW_REQUIRED,Borderline word ratio (0.30)
14295,सांढ़ के हुंकारने पर क्या बिगड़ जायेगा ?,सानडा हुःकरते चेनत्र्प्रःबगड़त्र्प्रोःत्र्प्र?,40,46,1.15,0.375,REVIEW_REQUIRED,Borderline word ratio (0.38)
14320,अब तो दोनों घर के अन्दर बन्द हो गये और झगड़ा करने में दोनों का मन उबने लगा।,"नामःदो बरनकिङ हनडेअकना, अद् एपेरङकिङ असदियोः तना।",75,49,0.6533,0.3889,REVIEW_REQUIRED,Borderline word ratio (0.39)
14327,उड़ुगा-‘‘मैं भी ऐसा ही आशा कर रहा हॅू।’’,"रसोअल, ‘‘नाअःदो बोंगा कूब्ए सुकुअद्मेअ; गपा दड़ङरेम जुगुतुकेरेदो, जरुड़ुइ जगरेगेअ; नेअरे जेतन अड़अःउड़ुः काइङ अटकरजदा।‘‘",40,120,3.0,1.875,REVIEW_REQUIRED,Borderline character ratio (3.00)
14330,लड़की ने कहा- मैं फूलों की रानी हूँ।,कुड़ि होन अयुम केदचि मेताःइया आञ् बा रेन रानी तनिङ्ग मेन्दो नेरे मोयोद रागोसा तइन तना। तुम फूल ले जा सकते हो लेकिन यहाँ एक राक्षस रहता है।,36,138,3.8333,3.5,SEVERE_ANOMALY,Severe long Mundari character ratio (3.83 > 3.0)
14392,"इस तरह की बातें, दूसरे आदमियों के नजदीक में बात नहीं करना चाहिए।",नेकनअः दरगाररे जगर का लगतिङअ।,64,29,0.4531,0.3846,REVIEW_REQUIRED,Borderline word ratio (0.38)
14395,हाथ में लिये हुए मद्य को आप पी लीजिए।,सिपिड.त्र्प्रकद् इलिनूलेम।,37,26,0.7027,0.2222,SEVERE_ANOMALY,Severe word count divergence (0.22)
14404,कहा गया और चले गये।,"एनते, ‘‘दोलङ, तोबे, बरनकिङ!’’ मेनजना, अद्को सेनोःजना।",19,53,2.7895,1.4,REVIEW_REQUIRED,Borderline character ratio (2.79)
14411,उनके ज्येष्ठससुर ने दोपहर को उनको काट कर मांस को टुकड़ा टुकड़ा किये।,होनजरमे तिकिनए गेद्किःअ।,68,24,0.3529,0.2308,REVIEW_REQUIRED,Borderline character ratio (0.35)
14419,"मूल्य की बात उन दोनों के द्वारा मंजूर करने के बाद, एक दूसरे को देखने के लिए जाने का दिन के बारे में उन दोनों को बताया।","गोनोङ रअः कजि इनकिङ मनजुरकेद्चि, लेलेल सेनोः रअः नेनडाओए कजिअद्किङअ।",118,68,0.5763,0.3704,REVIEW_REQUIRED,Borderline word ratio (0.37)
14535,कौवे को कोई काम नहीं था।,"अंयूब जन चि बोंग को जगर तना चि ने कालोम दो बुरू, बिर कोते बु जमाया।",24,67,2.7917,2.6667,REVIEW_REQUIRED,Borderline character ratio (2.79)
14621,इसके बाद एक दूसरे का अभिवादन करने के बाद वे अलग हो गये।,एनते जोजोत्र्प्ररजनचिकिड. त्र्पपन त्र्प्रपिनेनजना।,55,50,0.9091,0.3077,REVIEW_REQUIRED,Borderline word ratio (0.31)
14684,‘‘किसलिए ?’’ ऐसा मुझसे पूछा जा रहा है।,“चिलकाते?” को मेतत्र्प्रइतना।,38,29,0.7632,0.375,REVIEW_REQUIRED,Borderline word ratio (0.38)
14718,इसे हम किस तरह से पता लगा सकते हैं?’’,"रसोअल, ‘‘अले इनिःलोःले बोकोबोयाओः रअः दोम उदुब्केदा; मेनदो ने हतुरे तरामरा हड़मको अपुइङ आते पुरअःगेको मपरङअ, अद् इनकुइङ कुकुअकोतना; नचल इकिर बोंगा इनकुए कका’कोअ चिए ककुअकोअ ?",37,174,4.7027,3.0,SEVERE_ANOMALY,Severe long Mundari character ratio (4.70 > 3.0)
14725,मेद्सोबो- यह बात आपने अज्ञानी की तरह आपने विचार किये हैं।,मेद्सोबोः-ने कजिरेदो डोनडोगेम बिचारकेदा।,57,40,0.7018,0.3636,REVIEW_REQUIRED,Borderline word ratio (0.36)
14728,"इसके बाद वैद्य उनलागों से कह रहा था-‘‘ आपलोग मत डरिए, उनको पतला दस्त हो गया है शायद बिना दवाई से ही अच्छा हो जायेगा और एक बार दस्त हो जाने पर, आपलोग मेरे पास आईये, इसके बाद किसी तरह दवाई हम देंगे।’’","एनते बुइदि मेतअकोतना, बुगिओअ; ओड़ोः मिसा लेकाए दुलोःरे, सेननमिङपे; एनते जान रनुबु ओमअइअ।’’",198,90,0.4545,0.3023,REVIEW_REQUIRED,Borderline word ratio (0.30)
14773,अब चौकीदार गीत गाते हुए जा रहा थाः-,"नाअःदो दिगुअर दुरङजदा,",35,22,0.6286,0.375,REVIEW_REQUIRED,Borderline word ratio (0.38)
14994,गमएअ दो कोअंसि जन - दुनिया कोवांसी से भरा हुआ था।,गमएअ दो कोअंसि जन।,49,18,0.3673,0.3636,REVIEW_REQUIRED,Borderline character ratio (0.37)
15037,"इस समय तक में, सो रहे मैंनाओं की तरह बातचीत कर रहे होते !",सरनडर च बगड़वतद्बुत्र्प्र।,57,26,0.4561,0.2143,SEVERE_ANOMALY,Severe word count divergence (0.21)
15042,तम्बाकू बन्डुआ ने निकाला और चूना दुकुरा के द्वारा निकाल कर तम्बाकू मसल रहा है।,तमकु बनडुअ उडुड.केदतेए गुनडातना।,78,32,0.4103,0.2667,SEVERE_ANOMALY,Severe word count divergence (0.27)
15069,मैं भी तुम्हारे साथ चलता हूँ।,"उरिः को मेताइ तना-कागे मनोआं होन लोः मोद् रे ले कमी केना मेन्दो कमी लेदाः अकोगे जोम केदा,",29,89,3.069,3.0,SEVERE_ANOMALY,Severe long Mundari character ratio (3.07 > 3.0)
15102,"तुम उनसे पूछो, वह तुमको क्या कहेगा !",कुलिलीमे; चेनत्र्प्रःए मेतत्र्प्रमा!,36,36,1.0,0.375,REVIEW_REQUIRED,Borderline word ratio (0.38)
15180,सरजोम बा बा तना- सखूआ के फल खिल रहें हैं,सरजोम बा बा तन,40,14,0.35,0.4,REVIEW_REQUIRED,Borderline character ratio (0.35)
15192,डालि बादि रे - डालियों के खेतों में,डालि बादि रे,35,12,0.3429,0.375,REVIEW_REQUIRED,Borderline character ratio (0.34)
15193,बाप-रे-बाप।,बाप रे बाप।,11,11,1.0,3.0,REVIEW_REQUIRED,Borderline word ratio (3.00)
15219,"उनदोनों के बैठ जाने के बाद, दुरगा, बुढ़िया से कह रहा है-‘‘ दो बड़ी बड़ी बातों को तुमने छोड़ दिया है।’’","इनकिड. दुब्जनचि, दुरगा बुडित्र्प्रए मेतत्र्प्रइतना, “बरित्र्प्र मपरड.कजिगेम बगेकेदा।”",102,85,0.8333,0.381,REVIEW_REQUIRED,Borderline word ratio (0.38)
15226,उधर किसान कौवे की चिन्ता में पड़ा और देरतक उसे नहीं आता हुआ देखकर ढूंढ़ने निकला।,ममोवा होन को सदओ नोओ कोओका।,80,27,0.3375,0.375,REVIEW_REQUIRED,Borderline character ratio (0.34)
15236,"ये इसी पद पर ही हैं, किस तरह से वह हमदोनों को ठीक से नहीें सिखा पायेंगे ?",नी नेअ हदा-रिःगेअ; चिलकाते टउका काए इतुजद्लङअ?,73,46,0.6301,0.3889,REVIEW_REQUIRED,Borderline word ratio (0.39)
15267,"तोदुए से कहे-‘‘आंखों में बीमारी होने के दिन आ गया है कहके मानव संतानों को तुम बताओ, बच्चों को कड़ाके की धूप में खाली पेट, इधर उधर न घूमने दें, और आंधी के धूल से बच्चों को न लग पाये।’’","सुड़िअमए मेतअःइअ, ‘‘अम दो, जेटे हिजुःजना, रबङ सेनोःजना मेनते उदुब्अकोम।’’",183,73,0.3989,0.25,REVIEW_REQUIRED,Borderline character ratio (0.40)
15404,"सिर धुनते समय प्रेतात्माओं को भी देखा जा सकता है, डायन करने वाले देखे पहचाने जा सकते हैं और बलि दिये जाने वाले के जीवों के बारे में भी पता चलता है।","रुमतनरे बोंगा कोओको लेलोअ; नजोम-तनको लेलउरुमोअ, अद् लगतिङ दंड़ेंको मुनडिओअ।",147,75,0.5102,0.3125,REVIEW_REQUIRED,Borderline word ratio (0.31)
15428,तिंजर तोंजोर- सखूआ की नई पतियों की पत्ति,तिंजर तोंजोर,40,12,0.3,0.25,REVIEW_REQUIRED,Borderline character ratio (0.30)
15433,"मतुरा-‘‘ मैंने ठीक से देख लिया है, प्रचारक, फिर से हम अन्दर नहीं जायेंगे।’’",पोकोतोगेम लेलकिःत्र्प्र चि का?,75,30,0.4,0.2857,SEVERE_ANOMALY,Severe word count divergence (0.29)
15517,"मैं पहले प्रवेश कर अनुभव कर लेता हूँ, उसके बाद हम सभी विचार करने के पश्चात निर्णय लेंगे ऐसा बोलने के पश्चात वह नदीं में प्रवेश किया।",बर होड़दो अतोमरे तिङगुअकनतेकिङ लेलतना।,132,38,0.2879,0.1852,SEVERE_ANOMALY,Severe short Mundari character ratio (0.29 < 0.3)
15599,समस्या,बलय,6,3,0.5,1.0,SEVERE_ANOMALY,Ultra-short sentence (<4 characters)
15606,"साँप उस पर लेट गए और कहने लगे, बहन अब हम तुमको छोड़ने जा रहे हैं, इसलिए आज अच्छा खाना खिलाओ।",एन कुड़ि होन मंडी उतु ओमद् कोवा।,92,32,0.3478,0.3333,REVIEW_REQUIRED,Borderline character ratio (0.35)
15666,दोनों इतने बुढ़ा बुढ़िया हो रहें हैं !,नामिनडकिड. हड़म बुड़ितना!,38,25,0.6579,0.375,REVIEW_REQUIRED,Borderline word ratio (0.38)
15668,"मारने काटने, तीर चलाने के कारण गिरप्तार हुए भगवान लोग किसी को जेल हुआ, किसी को कालापानी में भेजा गया, किसी को फांसी में लटका दिया गया।","मपअः तुपुइड.रे सब्जन भगोअनको ओकोनिः जे‘लजना, ओकोनिः कलापनिजना, ओकोनिःदोए फसेजना।",134,80,0.597,0.3704,REVIEW_REQUIRED,Borderline word ratio (0.37)
15681,"फिर से उनलोगों को बुलाया जा रहा है, लेकिन वे नीचे नहीं उतर रहें हैं और कई प्रकार से उनलोगों को गाली दे रहें हैं।","ओड़ोःगेको रअः जद्कोअ, मेनदो काको अड़गुनतना अद् हटिकुटिको एरड.तना।",112,65,0.5804,0.36,REVIEW_REQUIRED,Borderline word ratio (0.36)
15696,"दुरगा-बुकिला और कद्लड. के साथ साथ पोते पातियां भी ईसाई हो गये हैं, इनलोगों को ईसाई गुणों को पायेंगे शायद, छुटपन से ही पढ़ाई किये होंगे।","निकिड.नमदोकिड. नामत्र्प्रंकदा, मेनदो हुड़िडगे।",135,46,0.3407,0.1538,REVIEW_REQUIRED,Borderline character ratio (0.34)
15705,"इसके बाद पौदा उससे पूछ रहा है-अब, आप भी ईसाई हो गये हैं ?",एनते पउदा कुलजअःइअ-नाअःदो अमोम किरतानेनजना?,57,43,0.7544,0.3571,REVIEW_REQUIRED,Borderline word ratio (0.36)
15767,"हाट के टांड़ में, जाने के डर से आप मुझको बता रहे हैं !",पीटि पिड़िरे सेनडाम उदुब्अइङतना !,54,33,0.6111,0.3571,REVIEW_REQUIRED,Borderline word ratio (0.36)
15870,आलव,बुरसि,3,5,1.6667,1.0,SEVERE_ANOMALY,Ultra-short sentence (<4 characters)
15905,दूसरा कौन उनलोगों के लिए विनती कर देगा ?,त्र्प्रोको एटत्र्प्रःनिः‘ड़ीः बिनतित्र्प्रकोत्र्प्र?,40,52,1.3,0.3333,REVIEW_REQUIRED,Borderline word ratio (0.33)
15927,अब तो वे एक दूसरे के हाथ में मद्य दे रहें हैं।,नाअ: दो इ:लिको तेपेलातना।,46,25,0.5435,0.3333,REVIEW_REQUIRED,Borderline word ratio (0.33)
15951,बहुत-बहुत शुभकामनाएं! धन्यवाद!,इसु-इसु सुगड़ा कजि केअते ! मर सोबेन को जोअर !,30,45,1.5,3.3333,SEVERE_ANOMALY,Severe word count divergence (3.33)
15955,"वे लोग कुत्तों को भी भैंस बनाते हैं, मुर्गियों को भी भैंस बनाते हैं और पालने पर, घोड़ों को भी भैंस बना सकते हैं।","इनकु सेताकोओको केडाकोअ, सिमकोओको केडाकोअ, अद्कोअ, असुलनरेदो,सदोमोको केडा दडिअइअ।",112,80,0.7143,0.375,REVIEW_REQUIRED,Borderline word ratio (0.38)
15961,"यह बोंगा पक्षियों या जानवरों को आँखो को कुछ ऐसा कर देता है कि उन्हें पक्षी पंसाने वाला पसरी या जाल या लासा (पक्षी चिपकाने, सटाने वाला सींक) आदि को नहीं देख पाते हैं और उनमें फंस जाते हैं।",दअःरे तइनतन बोंगाको।,187,20,0.107,0.0769,SEVERE_ANOMALY,Severe short Mundari character ratio (0.11 < 0.3)
16099,बिचारपुर को Mini Brazil कहा जाता है।,"बिचारपुर गे Mini Brazil को मेता: I Mini Brazil नेकाले काजिओ ताना चिआचि एन हातु रे ने सोमाय फुटबाल इनुङ को सिर जाओ ताना' छुडिड, दिन' अठाउरि सिदा रे आज शहडोल तेज सेनकेना दो रचता, रे सोबेन Football इनुङ चंगाड़ा कोलो: लेपेल होबालेना।",36,229,6.3611,6.1429,SEVERE_ANOMALY,Severe long Mundari character ratio (6.36 > 3.0)
16151,और हेटेटेयो पक्षी बनोगी।,एनाते कमिड़ि कुड़िताः तेए सेनोः जना आद्ए सराप किया अम सिरमा कटा केयातेम गितिइया ।,24,81,3.375,3.75,SEVERE_ANOMALY,Severe long Mundari character ratio (3.38 > 3.0)
16162,ऐसा ही दस्तूर किया गया है।,एनकागेको दस-तुरतदा।,26,19,0.7308,0.3333,REVIEW_REQUIRED,Borderline word ratio (0.33)
16228,कचि होम चिन लेदिञ- क्या तुम मुझे नहीं पहचाने थे,कचि होम लेल लेदिङ,47,17,0.3617,0.4,REVIEW_REQUIRED,Borderline character ratio (0.36)
16232,जोजोहातु गांव से औरत लाने के लिए जा रहे हैं,जोजोहतुते कुड़ि अउतेकोतना,43,25,0.5814,0.3,REVIEW_REQUIRED,Borderline word ratio (0.30)
16251,तीर का निशाना लगाने वाला हल्ला कर रहा था- ‘‘आपलोग सावधान रहिए ! बाघ को मैंने तीर से मारा है !,"तुइङ केन होड़ो ककलाजदा, ‘‘चिरगलपे, इ! कुलाइङ तुइङतअःइअ!",93,55,0.5914,0.381,REVIEW_REQUIRED,Borderline word ratio (0.38)
16287,क्या मेरे साथ लड़ना चाहते हो ?,"होड़ो को अलोम सदौ कोआ अकोअः मोने लेका को कमी उदम जोम का कारे दोइङ गोए उत्तर मेया, इनिः एनाए हे केदा ।",30,101,3.3667,3.2857,SEVERE_ANOMALY,Severe long Mundari character ratio (3.37 > 3.0)
16302,"इसके बारे में पत्नी उससे कह रही है-‘‘आप मांस को खा के समाप्त नहीं कर सकते हैं, दो मुर्गियों को मांस हड्डियों के साथ एक पत्तल हो जायेगा।’’","उड़ुगा दो हटअः, बइंटि, ससंङ ओड़ोः सिम किङए इदिकेद्केङअ।",137,55,0.4015,0.3214,REVIEW_REQUIRED,Borderline word ratio (0.32)
16313,"और मुझको चावल बनाकर, गर्म किये गये पानी में मुझको डाल दिया जाता है,","अद्इङ चउलिजनचि, लोलोअकन दअःरेको हंड़ंबिञअ;",67,42,0.6269,0.3571,REVIEW_REQUIRED,Borderline word ratio (0.36)
16375,"इस नाच में नाटक रुप में मुखौटा या बिना मुखौटा लगाने के बाद ही नाचकर, नाटक रुप में बताया जाता है।",छऊ सुसुन लोक नाटख बु मेता।,96,26,0.2708,0.2857,SEVERE_ANOMALY,Severe short Mundari character ratio (0.27 < 0.3)
16399,इसके बाद एक दूसरे को अभिवादन करने के बाद अलग अलग हो गये।,एनते जोपोअरजनचिको अपन अपिनेनजना।,56,32,0.5714,0.3077,REVIEW_REQUIRED,Borderline word ratio (0.31)
16418,उसी जगह से हमलोग लौट गये।,एनतत्र्प्रःएतेगेले रूड़ाजना।,25,28,1.12,0.3333,REVIEW_REQUIRED,Borderline word ratio (0.33)
16469,जपि,जपि:-,3,5,1.6667,1.0,SEVERE_ANOMALY,Ultra-short sentence (<4 characters)
16476,क्या करने से और बनेगा ?,चुकाएरे‘ड़ो बइत्र्प्रोत्र्प्र?,23,30,1.3043,0.3333,REVIEW_REQUIRED,Borderline word ratio (0.33)
16482,तुमलोग को कैसा महसूस हो रहा है ?,चिलकापे अटरजदा ?,32,16,0.5,0.375,REVIEW_REQUIRED,Borderline word ratio (0.38)
16536,"बकरा को मार कर, उसका मांस को काट काट कर टुकड़ा किया जा रहा है।",मेरोम गोएःजनतेए गेदोःतना।,62,25,0.4032,0.2,SEVERE_ANOMALY,Severe word count divergence (0.20)
16658,"आने के बाद उनलोगों ने किसी तरह से जल्दबाजी में खेती किया गया, जिसके कारण धान का उपज फिर से बहुत बुरा हुआ।",हिजुःलेनचि जालेका रोकागेको कितिकेदा; बबा दोओड़ोःगे एद्काजना।,105,60,0.5714,0.3043,REVIEW_REQUIRED,Borderline word ratio (0.30)
16667,"कभी यह दबाव बड़ों की अपेक्षाओ के रूप  में होता है, तो कभी यह हमारे अपने ही मित्रों के गलत तरीके से चिढ़ाने के कारण पैदा हो जाता है।",अबु सोड.गिकोलो गोलोत तोरिकाते डागुरराः कारणते होबाताना।,131,55,0.4198,0.2414,SEVERE_ANOMALY,Severe word count divergence (0.24)
16707,"लको उनलोगों से कह रहा है-गोमके का आदेश की तरह और सोखाओं आपलोग खोज के लाईये, लेकिन आज दोपहर तक मेरे गुण को देखा जाये।",लको मेतअकोतना गोमकेअः हुकुम लेका अइ´अः गुन लेलकोः का।,116,53,0.4569,0.36,REVIEW_REQUIRED,Borderline word ratio (0.36)
16756,दिरि तेको नेनेल जन - पत्थर के नीचे दफन हुए हैं,दिरि तेको तेनेन जन,46,18,0.3913,0.3636,REVIEW_REQUIRED,Borderline character ratio (0.39)
16864,कुछ भी बात पर तुमलोग जल्द विश्वास कर लेती हो।,जान कजिपे बिसुआसतबेअ।,45,21,0.4667,0.3,REVIEW_REQUIRED,Borderline word ratio (0.30)
16928,पिछले दिनों एक बात मेरे ध्यान में आई और यह बड़ा अनोखा combination है।,नेअ मरड़ अकादन्दा बवउइपदंजपवद तनअः,69,34,0.4928,0.3571,REVIEW_REQUIRED,Borderline word ratio (0.36)
16960,उनलोगों ने गीत गाया-,दुरड.लत्र्प्रःको-,20,17,0.85,0.25,SEVERE_ANOMALY,Severe word count divergence (0.25)
16985,सारी दुनिया में अन्धकार ही अन्धकार था।,एनरे दः रेन जीव को बारि को तै किप एन सोमय रे भेगोमन आद् लखि ठकुरइन किङ जगर जन चि अलंङ दो दः चेतन बड़े सकम रे दुब कन्ते नेसः हेनसः लङ् अतु बड़ तन आद् अलङ् जेतन रूड़ु बनोः।,38,170,4.4737,5.7143,SEVERE_ANOMALY,Severe long Mundari character ratio (4.47 > 3.0)
17026,इसलिए भारत की जलवायु में उष्ण कटिबंधीय जलवायु एवं उपोष्ण कटिबंधीय जलवायु दोनों की विशेषताएँ उपस्थित हैं।,सलांगि,104,6,0.0577,0.0588,SEVERE_ANOMALY,Severe short Mundari character ratio (0.06 < 0.3)
17155,"डेमका-मैं और एक बता रहा हॅू , आपलोगों के चाहने पर पूछ पहचान कर लीजिए।","डेमका-ओड़ो मिद्तअःइङ उदुब्अपेतना; मौने’रेपे, कुलिउरुमलेपे।",69,58,0.8406,0.3333,REVIEW_REQUIRED,Borderline word ratio (0.33)
17168,चौटा की पत्नी के साथ तुम्हारा किस तरह का नाता है ?,चउटारेनिःलोः चिलका-बेननतातना ?,50,30,0.6,0.25,SEVERE_ANOMALY,Severe word count divergence (0.25)
17194,चिकन बहो-फूलो के खेतो में कौनसा फूल,चिकन बा हो,35,10,0.2857,0.4286,SEVERE_ANOMALY,Severe short Mundari character ratio (0.29 < 0.3)
17259,"इसके बाद डिंचुआ उससे कह रहा था-‘‘अब, तुम यहीं पर बैठो, सब जमा होंगे और सबके जमा होने पर, गोमके यहीं से आयेंगे।’’",बरदुलिअद्दो हेड़ानोःरे लउःलउः अउलअः।,112,36,0.3214,0.1739,REVIEW_REQUIRED,Borderline character ratio (0.32)
17282,यदि तुम दोनों की इच्छा बिचार कराने की ही है तो हम तुम दोनों का बिचार करेंगे।,बिचार रिकाबेन मोनेजद्रेदोले बिचारप्रबेना ।,76,42,0.5526,0.2941,SEVERE_ANOMALY,Severe word count divergence (0.29)
17376,गांव के सभी आदमियों से लम्बोड़ा तांती अधिक बुढ़े होने के कारण दूसरे बुढ़े लोग उनको चाचा कहते थे और बुढ़िया को चाची कहते थे।,एनकातेगे पेंड़ांएं बड़ाए नता मेने कजि उडु़ङजना।,123,47,0.3821,0.28,REVIEW_REQUIRED,Borderline character ratio (0.38)
17495,गतिञ लङ आगु रुड़ाइआ - इस त्योहार में जीवन संगीनी को लाना है,गतिञ लङ अगु रूड़इआ,59,18,0.3051,0.3077,REVIEW_REQUIRED,Borderline character ratio (0.31)
17535,"कहते हुए पुछे जाने पर ‘‘पुजा करेंगें’’, कहते हुए जवाब दे रहे थे।","मेनते कुलिजनरेदो, ‘‘बोंगाइअलेः’’ मेनतेको जवाबजदा।",64,49,0.7656,0.3846,REVIEW_REQUIRED,Borderline word ratio (0.38)
17650,शव को दफनाने के लिए ले जाने की महौल की तरह में क्या अच्छा लगेगा ?,जङतोपा सेनोःतन लेका चिड़ोः सेनोअ ?,65,34,0.5231,0.375,REVIEW_REQUIRED,Borderline word ratio (0.38)
17689,रास्ते में उनकी मुलाकात हुई।,एनाते ओड़ो एन कौऊ मेन केदा चि अवगा ने कलीम दो बिर को मुली तेगे बबा कोदो लङ रोवाया।,28,82,2.9286,3.8,REVIEW_REQUIRED,Borderline character ratio (2.93)
17710,आप बात को बहुत घसीट के ले जा रहे हैं !,हेला!,38,5,0.1316,0.0909,SEVERE_ANOMALY,Severe short Mundari character ratio (0.13 < 0.3)
17714,दुरगा-जिस बात के लिए मैंने आपलोगों को बुलाया है उसी बात के लिये ही।,दुरगा-त्र्प्रपेड. रत्र्प्रःतद्पे जगर मेनतेगे।,67,45,0.6716,0.2857,SEVERE_ANOMALY,Severe word count divergence (0.29)
17727,इस तरह से इन बातों पर उनका विश्वास हो गया है।,एन बिसुत्र्प्रास इनिःरेबोलोत्र्प्रकना।,45,38,0.8444,0.2727,SEVERE_ANOMALY,Severe word count divergence (0.27)
17745,क्या करने के लिए यहां आये थे ?’’,चेनअः चेकाकिङ हिजुःलेना?’’,32,26,0.8125,0.375,REVIEW_REQUIRED,Borderline word ratio (0.38)
17757,"बुढ़िया-यही, तुमको पता चल गया, ऐसा ही तुमलोगों ने पसन्द की।",बुड़िअ-हेनेःदोम नमतदा; एनागेपे सुकुअदा।,59,39,0.661,0.3636,REVIEW_REQUIRED,Borderline word ratio (0.36)
17759,"शगुन बन जाने पर, विवाह पूर्व उत्सव करके हम गोमके को बतायेंगे।","एरेबइजनरेदो, बलाकेत्र्प्रते गोमकेबु उदुब्त्र्प्रइत्र्प्र।",61,57,0.9344,0.3333,REVIEW_REQUIRED,Borderline word ratio (0.33)
17766,"भालू को इस तरह से काटे जाने के बारे में पता नहीं चल रहा था, पता नहीं, उसने अनुभव किया कि अनुभव नहीं किया, वह देवसाय के शरीर को मुंह में लेकर इधर उधर फेंकने में ही मग्न था।","बुड़िओ मगोः तनाइङ मेनते इदुइ अटकरकेदा चि काए अटकरकेदा, सो’लकारेगेए सालजना।",171,74,0.4327,0.2821,SEVERE_ANOMALY,Severe word count divergence (0.28)
17822,"एक बात के बारे में, मैं पूछना चाहता हॅू ,उसके बारेे में आपलोग मुझको बताने का कष्ट करेंगे।",मित्र्प्रद्कजि कुलि सनड.जत्र्प्रःइञत्र्प्रः एनाइड. कुलिलेपेत्र्प्र।,89,67,0.7528,0.2778,SEVERE_ANOMALY,Severe word count divergence (0.28)
17838,"धान को दौनी करने के जगह पर, राक्षस का नाम लेने पर धान का दाना नहीं होता है।","बबा एनतअरे, रगोसा नूतुमकीरे, बबा का जड.ओअ।",75,42,0.56,0.3889,REVIEW_REQUIRED,Borderline word ratio (0.39)
17952,"कुशल - नुकसानी तो अही है, आसाम जाने के लिए इच्छुक आदमी बहुत बार मेरे पास राअ पूछने के लिए आते हैं और किस बगान में रोजगारी सर्वोत्तम है और किस बगान में सबसे खराब है, उसे बताता हूँ।","बलिराम - आपका गाँव कहने से, क्या नुकसानी होगी ?",179,47,0.2626,0.2564,SEVERE_ANOMALY,Severe short Mundari character ratio (0.26 < 0.3)
17975,दुरगा-कौन से गोत्र के लोग हैं ?,दुरगा-किलि चेकनत्र्प्रः?,31,24,0.7742,0.2857,SEVERE_ANOMALY,Severe word count divergence (0.29)
17986,हम दोनों ने सोचा था कि वे भातं के विषय में हम दोनों के समान सोचेंगे लेकिन उन्होंने विरोध ही सोचा।,मेनदो उलटागेए बिचारकेदा।,97,24,0.2474,0.1429,SEVERE_ANOMALY,Severe short Mundari character ratio (0.25 < 0.3)
18036,वैसा ही हुआ।,नेया कजी लेद् लोः गे एना पटा चटः जनाः।,12,38,3.1667,3.0,SEVERE_ANOMALY,Severe long Mundari character ratio (3.17 > 3.0)
18059,क्या  आप अब समझ गये कि नहीं ?,नात्र्प्रःदोम बुजवजना?,29,22,0.7586,0.25,SEVERE_ANOMALY,Severe word count divergence (0.25)
18081,हम उनको देख रहे हैं कि ये जाति जंगल में ही रहते हैं।,लेलजद्कोअबु एन जतिको बिरगेको ओतोङतना।,52,37,0.7115,0.3846,REVIEW_REQUIRED,Borderline word ratio (0.38)
18098,अनुष्ठान करने के सभी जरूरत की चीजों को जमा किया गया और दो चपरासियों को सोखा खोजने के लिए भेजा गया।,एन सोबेन चीजिको हुनडितना अद् बरिअ दसिकिड.सोखा दंडातेकिड.कुलजना।,98,63,0.6429,0.381,REVIEW_REQUIRED,Borderline word ratio (0.38)
18148,उन लोगों का भी स्वाद लगा और सेम खाया जा सकता है कहके अब बहुत आदमी जानते हैं।,"इनकुउ सिबिलकेद्कोअ, अद् जेता काको रिकाजना।",76,42,0.5526,0.3333,REVIEW_REQUIRED,Borderline word ratio (0.33)
18161,इसलिए चलिए हम लौट जाते हैं।’’,"होड़ोकोत्र्प्रः पाप मोद्गेड. त्र्प्रटकरजदा। एना मेनते, दोलाबु रूड़त्र्प्रः।”",29,76,2.6207,1.3333,REVIEW_REQUIRED,Borderline character ratio (2.62)
18229,"अपने अपने घरों में, आप कहां गये थे, कहके औरतों के पूछने पर,उनलोगों को हम कौन सा बहाना बनायेंगे?’’","मेनते कुड़िको कुलिजद्बुरे, चेनअःबु बा’ना-एअ?’’",97,46,0.4742,0.2632,SEVERE_ANOMALY,Severe word count divergence (0.26)
18244,अध्याय 1,कुतुइल - 1 (अध्याय 1),8,21,2.625,2.5,REVIEW_REQUIRED,Borderline character ratio (2.62)
18300,कुदु-‘‘रूको ! इससे तुमको घृणा हो रही है ?,"कुदु, ‘‘हों!एना हिलङजद्मेअ?",41,27,0.6585,0.3333,REVIEW_REQUIRED,Borderline word ratio (0.33)
18347,"आपके पास जितनी क्षमता है, आप mentor कीजिए, आप कितने ही व्यस्त क्यों न हों, समय निकालिए, time दीजिए।",ओकोअ: मेनअ: एना के मनातिङ पे।,99,29,0.2929,0.3158,SEVERE_ANOMALY,Severe short Mundari character ratio (0.29 < 0.3)
18369,"मैं ने आपदोनों को बहुत दूर से सुना, आपदोनों खूब चिला रहे थे।",संगिन आतेङ अयुमकेद्बेना; कूब्बेन ककलालअः।,60,41,0.6833,0.3846,REVIEW_REQUIRED,Borderline word ratio (0.38)
18413,लेकिन हमदोनों किस तरह और उनदोनों से पूछते ?,मेनदो चिलका’ड़ोःलङ कुलिकिङअ?,43,28,0.6512,0.3333,REVIEW_REQUIRED,Borderline word ratio (0.33)
18434,बिर तबु चबा तन- जंगल हमलोगो का समाप्त हो रहा है,बिर तबु चबा तन,47,14,0.2979,0.3636,SEVERE_ANOMALY,Severe short Mundari character ratio (0.30 < 0.3)
18443,"रसोअल-‘‘कभी कभी इस तरह की बातें सुनाई पड़ती है कि किसी गांव की युवती को दह प्रेतात्मा के द्वारा प्रेम करने पर, उनकी विवाह होने की तरह ही गिनती किया जाता है, इसलिए वह प्रेतात्मा उस गांव में बेटी दमाद हो जायेगा और उस युवती के भाईयों के बच्चे वह औरत बुआ होने के कारण,वह प्रेम करने वाला दह प्रेतात्मा को फूफा कहेंगे।","उड़ुगा, ‘‘एन लेकागे बोंगा कोलोः नता सब् दड़िओअ।’’",312,49,0.1571,0.127,SEVERE_ANOMALY,Severe short Mundari character ratio (0.16 < 0.3)
18556,चलते-चलते बहुत से पहाड़ पार हुए।,ओड़ोः गे सेनोः सेनोः ते बुरू को को परोम इदि केदा अद् हुड़िंग लेका ते औरी किङ तेबाःया।,32,85,2.6562,3.0,REVIEW_REQUIRED,Borderline character ratio (2.66)
18567,"बाघ के मारे जाने के बाद से वह भीतर के कमरे में ही सो रहे हैं, भैंसे बाहरवाले कमरे में रह रहे हैं।’’",कुला गोएःकिः तअःएते बितर रेगेले गितिःतना; केड़ाकोदो ओअरिरेको तइनतना।’’,99,70,0.7071,0.3913,REVIEW_REQUIRED,Borderline word ratio (0.39)
18597,तो भी कुछ लोग इस पार बच ही गये।,इमिन रेओतरा लेका होड़ो को गाड़ा नेसा रेगे को सरेय जना इन्कु हरेक रकम तेको परोम जना।,31,83,2.6774,1.8889,REVIEW_REQUIRED,Borderline character ratio (2.68)
18599,दिले दोङोब- सखूआ फूल झबराया हुआ है,दिले दोड़ोब,34,11,0.3235,0.2857,REVIEW_REQUIRED,Borderline character ratio (0.32)
18664,"कल तख्तियों में मार्क लगाने के शुरूआत करने के लगभग में, बाबू ने रात के समय में हम लोगों को बुलाया और हमलोगों से कह रहा था - “इस बार तुम लोगों ने बहुत सारे तख्तियों को चीराई किया है।","गपा पालिको मरका एटेगोअ मेनलेकारे, बबु रअकेद्लेअ अयुब दिपिलि अद्ए मेतअलेतना, “नेसेकनदो इसु पालिपे हद्अना।",181,104,0.5746,0.375,REVIEW_REQUIRED,Borderline word ratio (0.38)
18693,उनलोगों को मालूम नहीं होने के कारण उन दोनों का मदद नहीं किया।,"काको मुनडिकेद् रअःते, काको देंगाकेद्किङअ।",61,41,0.6721,0.3846,REVIEW_REQUIRED,Borderline word ratio (0.38)
18800,"चमगादड़-‘‘गोमके, मुझको खबर ठीक समय पर ही मिला था, लेकिन आपने पक्षियों को बुलाये हैं, आप मुझको भी क्या पक्षियों में गिनती कर रहे हैं ?","हाल काम नमलअः, चि चिलकाते का हिजुःम मोनेलअः।’’",133,46,0.3459,0.3077,REVIEW_REQUIRED,Borderline character ratio (0.35)
18813,इसलिए यदि मैं गलती कर रहा हूँ तो मुझको कह कर आपलोग रोकिए कि यह तो इस तरह कह के। इस तरह का एक दूसरे के बातों को रोकने से नाराजगी नहीं है।,"एना मेनते अइङ गलतिजारेदो कजि केसेदिङपे, एनकादो, नेका दङ मेनते।",136,62,0.4559,0.303,REVIEW_REQUIRED,Borderline word ratio (0.30)
18814,पुजा-आराधना करते एवं एक-दूसरे शपथ पूर्वक वचन देते समय तो भगवान सिड़ंबोंगा का नाम उच्चारित होगा ही।,बोंगातनरे ओड़ोः किपिरिअतनरेदो सिङबोंगाअः नुतुम कजिओःगेअ।,98,56,0.5714,0.3529,REVIEW_REQUIRED,Borderline word ratio (0.35)
18909,मै भी यह देखने के लिए आऊँगा।,ओड़ोः सोबेन एन हुलङ मिद्रे जोमेपे ओड़ोः अइंङ गे अपेअः कमी लेल नङेन्तेइंग हिजुअः।,28,80,2.8571,2.0,REVIEW_REQUIRED,Borderline character ratio (2.86)
18941,हमारे पास में हल का क्या हो रहा है ?,त्र्प्रबु तत्र्प्रःरेनयल चेका‘कना?,36,34,0.9444,0.3,REVIEW_REQUIRED,Borderline word ratio (0.30)
18954,"चलिए, भाईयों, छुटा सांढ़ को मैं इतना ही हांक के ले जाउंगा वह आराम कर ले।’’","मटेअरअः दुपिलकेद्ते, कुड़ि अयर अयरतेए हिजुः-लेना; कोड़ादो सोटा सब्केद्तेए ओतोङ अउलिःअ। होरारे तोद् बनोः-जना, हड़अः बनोःजना; बुगि लेकागेकिङ तेबअःलअः, अद् एन इलि, ने ओड़अः रअः इलि मनडि लोःगे नूउःका मेनजना अद्बु हिरचि हटिङजदा।",74,223,3.0135,2.0625,SEVERE_ANOMALY,Severe long Mundari character ratio (3.01 > 3.0)
18965,दुकुरा बुढ़ा के आंगन में आदमी लोग तम्बाकू खाने के साथ साथ बातचीत कर रहे हैं।,"दुकुरा हड़मअःरचारे होड़ोको, तमकु जोमतनलोःको जरूतना।",76,51,0.6711,0.375,REVIEW_REQUIRED,Borderline word ratio (0.38)
18977,मुझको निकल जाने के लिए कह रही थी।,उठवोनमेम मेतअइङ-तना।,33,20,0.6061,0.25,SEVERE_ANOMALY,Severe word count divergence (0.25)
19055,कौवा ने गाया-,लङ दुरङ केदा “सिरजम दरू रे कुड़ि किन जुमांङ कान कुड़ि किङ जुमाङ कान।”,13,69,5.3077,4.6667,SEVERE_ANOMALY,Severe long Mundari character ratio (5.31 > 3.0)
19088,"चौरा दोन खेतों में लेवा किया जाता है, लेकिन कुछ दिनों के देर के बाद।","बदि अचड़ाओअ, मेनदो हेड़ानोःते।",68,30,0.4412,0.2667,SEVERE_ANOMALY,Severe word count divergence (0.27)
19090,बुरे चीजों को लटकाए हुए में से केवल मैं ही बचा हुआ हूँ।,एद्कनअः लटकवअकनिःदो अइङगे सरेअकना।,55,34,0.6182,0.3077,REVIEW_REQUIRED,Borderline word ratio (0.31)
19111,बन्डुआ के निकलने के बाद उनदोनों को बुला रहा है।,बनडुअ उडुड.लेनचिइ रअःजदकिड.अ।,47,29,0.617,0.3,REVIEW_REQUIRED,Borderline word ratio (0.30)
19162,शाम होने पर वे स्नान करने गये।,त्र्प्रयुब्तनचि रेड़नतेकोजना।,30,29,0.9667,0.2857,SEVERE_ANOMALY,Severe word count divergence (0.29)
19179,"सोना गिद्ध आसमान में उड़ने के बाद, अपने दर्पण से उनको देख लिया और गुलर के पेड़ में चमगादड़ को देखकर, वहां पर लटका हुआ है और चेंओ चेंओ का आवाज कर रहा है, आने के लिए उनका मन नहीं था।",एनते डिङचुअ ने कजि सोना दिदिइ कजिअःइअ।,180,38,0.2111,0.1707,SEVERE_ANOMALY,Severe short Mundari character ratio (0.21 < 0.3)
19358,उड़ुगा-‘‘अब चावल दानों को देखने में मुझको पूर्ण जानकारी हो गयी है-अधिकतर सूप ओझाओं के पास चावल दानों को ले गया था।,"तिरला, ‘‘ए’ हइ! नाअः दोइङ अयुमकिःअ।’’",114,37,0.3246,0.2727,REVIEW_REQUIRED,Borderline character ratio (0.32)
19422,"हमलोग, भीख नहीं मांगनेवाले को इसने हमलोगों से भीख मंागने के लिए मजबूर की।’’","अले, का कोंएकोए कोंएं रिकातद्लेअ।’’",75,35,0.4667,0.3571,REVIEW_REQUIRED,Borderline word ratio (0.36)
19437,आसाढ़ का महीना था।,मिद् तअःरे बरिया होड़ो होन किङ् को नम केद् किञा।,18,48,2.6667,2.5,REVIEW_REQUIRED,Borderline character ratio (2.67)
19462,"इसे तो गाली देने पर, लड़की देखने नहीं जायेगा, उसके बाद हम उसको क्या करेंगे ?","नीदोएरड.कीरे, कुड़ि ललगे काए सेना;एनतेबु चिकाइत्र्प्र?",76,54,0.7105,0.375,REVIEW_REQUIRED,Borderline word ratio (0.38)
19545,इसके बाद मेद्सोबो उनलोगों को गाना सुना रही है-,"एनते मेद्सोबोः दुरङअकोतना,-",46,27,0.587,0.3333,REVIEW_REQUIRED,Borderline word ratio (0.33)
19596,अभी ही तुमने कुछ कुछ का नाम लिया।,नाअःगे तरामरादोम नुतुमकेदा।,33,27,0.8182,0.375,REVIEW_REQUIRED,Borderline word ratio (0.38)
19599,"टिसु-हां, यह ऐसा ही होता है।",टिसु-एनादो हे‘गे।,28,17,0.6071,0.3333,REVIEW_REQUIRED,Borderline word ratio (0.33)
19601,"रास्ते में प्रचारक कह रहा हैं-हां जी, हम सभी को पसन्द आ गया था, उनदोनों की जोड़ी बहुत अच्छी होती। सांढ़ ने हमलोगों के काम को बिगाड़ दिया।","होरारे परचार मेनजदा-ए‘ त्र्प्र, सोबेनकोबु सुकुलेना; पका होनडकिड. जुडिजना।",137,73,0.5328,0.3214,REVIEW_REQUIRED,Borderline word ratio (0.32)
19606,आंगन के खून को कुदाली से उस जगह के मिट्टी को खरोंच कर फेंक दिया गया।,रचा रअः मयोमदो कुद्लमतेको हुसिद् गिड़िकेदा।,68,43,0.6324,0.375,REVIEW_REQUIRED,Borderline word ratio (0.38)
19708,उद्देशिका,उद्देशिका । जरूड़ु तेआ,9,22,2.4444,4.0,SEVERE_ANOMALY,Severe word count divergence (4.00)
19744,रोटो-किस तरह वे काम कर रहे हैं ?,रोटो-चिलकाको कमितना?,32,20,0.625,0.25,SEVERE_ANOMALY,Severe word count divergence (0.25)
19760,"‘संकल्प Ninety Five’ की इस मुहिम में बेतिया के सरकारी Medical College और कई अस्पताल भी जुड़ गये।उसके बाद तो, जैसे, जन-स्वास्थ्य को लेकर एक पूरा अभियान ही चल पड़ा।निशुल्क जाँच हो, मुफ्त में दवायें देना हो, या फिर, जागरूकता फ़ैलाने का, ‘संकल्प Ninety Five’ हर किसी के लिए एक मिसाल बनकर सामने आया है I",ओन मान उपुन हिसि गेल मोडेया रअः। एना तयोम ते दो चिलका होड़ो स्वास्थ के लेल जलोःते मिआद गोटा अभियनो चलाव जना।,298,108,0.3624,0.3929,REVIEW_REQUIRED,Borderline character ratio (0.36)
19780,लेकिन आप कहां अगुवाई कर रहें हैं ?’’,मेनदो त्र्प्रोकोरेम दुतमतना?”,36,29,0.8056,0.375,REVIEW_REQUIRED,Borderline word ratio (0.38)
19839,नोट-संक्रमण रोग,नोट :- चचल रोग (संक्रामक रोग) चिल्का,15,36,2.4,3.5,SEVERE_ANOMALY,Severe word count divergence (3.50)
19841,"हाट में पत्ते की छतरियां बिक्री के लिए आने पर, मैदानी प्रदेश की स्त्रियां मोहलम पत्तों की छतरियों का व्यापार करना शुरू कीं।","पीटिरे गुंगु रकबोःतनचि, पिड़ि दिसुम कुड़िकोदो गुंगु बेपारको एटे:केदा;",123,69,0.561,0.3913,REVIEW_REQUIRED,Borderline word ratio (0.39)
19930,बा तेलङ बा गोसाइआ - फूलों के त्योहार में फूल लगाएंगे,बा तेलङ बा मोसाइआ,52,17,0.3269,0.3636,REVIEW_REQUIRED,Borderline character ratio (0.33)
19947,बाघ भाग गया ।,एनाएते एनकुला पुरः जोर लोः तेः निरजना ।,13,39,3.0,2.0,REVIEW_REQUIRED,Borderline character ratio (3.00)
